Terminals unused in grammar

    ANY_CHARACTER
    VAR
    TRUE
    FALSE
    QUESTION
    DQ
    SQ
    LSB
    RSB


State 0 conflicts: 25 shift/reduce, 2 reduce/reduce
State 27 conflicts: 1 shift/reduce
State 30 conflicts: 1 shift/reduce
State 31 conflicts: 1 shift/reduce
State 32 conflicts: 1 shift/reduce
State 33 conflicts: 1 shift/reduce
State 34 conflicts: 1 shift/reduce
State 35 conflicts: 1 shift/reduce
State 36 conflicts: 1 shift/reduce
State 37 conflicts: 1 shift/reduce
State 38 conflicts: 1 shift/reduce
State 39 conflicts: 1 shift/reduce
State 40 conflicts: 1 shift/reduce
State 47 conflicts: 3 reduce/reduce
State 49 conflicts: 1 shift/reduce
State 50 conflicts: 1 shift/reduce
State 54 conflicts: 1 shift/reduce
State 59 conflicts: 1 shift/reduce
State 65 conflicts: 1 shift/reduce
State 69 conflicts: 1 shift/reduce
State 78 conflicts: 1 shift/reduce
State 79 conflicts: 25 shift/reduce, 2 reduce/reduce
State 80 conflicts: 1 shift/reduce
State 81 conflicts: 1 shift/reduce
State 82 conflicts: 24 shift/reduce, 1 reduce/reduce
State 83 conflicts: 25 shift/reduce, 2 reduce/reduce
State 84 conflicts: 24 shift/reduce, 1 reduce/reduce
State 85 conflicts: 24 shift/reduce, 1 reduce/reduce
State 86 conflicts: 24 shift/reduce, 1 reduce/reduce
State 87 conflicts: 24 shift/reduce, 1 reduce/reduce
State 88 conflicts: 24 shift/reduce, 1 reduce/reduce
State 89 conflicts: 24 shift/reduce, 1 reduce/reduce
State 90 conflicts: 24 shift/reduce, 1 reduce/reduce
State 91 conflicts: 24 shift/reduce, 1 reduce/reduce
State 92 conflicts: 1 shift/reduce
State 99 conflicts: 1 shift/reduce
State 108 conflicts: 24 shift/reduce, 1 reduce/reduce
State 109 conflicts: 24 shift/reduce, 1 reduce/reduce
State 118 conflicts: 1 shift/reduce
State 120 conflicts: 1 shift/reduce, 1 reduce/reduce
State 131 conflicts: 1 shift/reduce
State 134 conflicts: 24 shift/reduce, 1 reduce/reduce
State 139 conflicts: 24 shift/reduce, 1 reduce/reduce
State 140 conflicts: 24 shift/reduce, 1 reduce/reduce
State 152 conflicts: 24 shift/reduce, 1 reduce/reduce
State 159 conflicts: 24 shift/reduce, 1 reduce/reduce
State 176 conflicts: 1 shift/reduce
State 178 conflicts: 1 shift/reduce
State 189 conflicts: 1 shift/reduce
State 190 conflicts: 1 shift/reduce, 1 reduce/reduce
State 208 conflicts: 1 shift/reduce
State 225 conflicts: 25 shift/reduce, 3 reduce/reduce
State 237 conflicts: 1 shift/reduce
State 241 conflicts: 1 shift/reduce
State 244 conflicts: 1 shift/reduce
State 246 conflicts: 1 shift/reduce
State 258 conflicts: 25 shift/reduce, 3 reduce/reduce
State 267 conflicts: 25 shift/reduce, 3 reduce/reduce
State 269 conflicts: 25 shift/reduce, 3 reduce/reduce
State 270 conflicts: 1 shift/reduce
State 271 conflicts: 1 shift/reduce
State 272 conflicts: 1 shift/reduce
State 273 conflicts: 1 shift/reduce
State 279 conflicts: 3 reduce/reduce
State 291 conflicts: 1 shift/reduce
State 292 conflicts: 1 shift/reduce
State 293 conflicts: 1 shift/reduce
State 294 conflicts: 1 shift/reduce
State 298 conflicts: 1 shift/reduce
State 308 conflicts: 1 shift/reduce
State 309 conflicts: 1 shift/reduce
State 310 conflicts: 1 shift/reduce
State 315 conflicts: 1 shift/reduce
State 327 conflicts: 1 shift/reduce, 1 reduce/reduce
State 330 conflicts: 1 shift/reduce
State 331 conflicts: 24 shift/reduce, 3 reduce/reduce
State 332 conflicts: 1 shift/reduce
State 333 conflicts: 1 shift/reduce
State 334 conflicts: 1 shift/reduce
State 335 conflicts: 1 shift/reduce
State 336 conflicts: 1 shift/reduce
State 340 conflicts: 1 shift/reduce
State 345 conflicts: 24 shift/reduce, 3 reduce/reduce
State 347 conflicts: 1 shift/reduce
State 352 conflicts: 1 shift/reduce
State 353 conflicts: 1 shift/reduce
State 362 conflicts: 24 shift/reduce, 3 reduce/reduce
State 364 conflicts: 1 shift/reduce
State 365 conflicts: 1 shift/reduce
State 366 conflicts: 1 shift/reduce
State 367 conflicts: 1 shift/reduce
State 369 conflicts: 1 shift/reduce
State 375 conflicts: 1 shift/reduce
State 385 conflicts: 1 shift/reduce
State 387 conflicts: 1 shift/reduce
State 401 conflicts: 1 shift/reduce
State 403 conflicts: 1 shift/reduce
State 404 conflicts: 1 shift/reduce
State 405 conflicts: 1 shift/reduce
State 406 conflicts: 1 shift/reduce
State 407 conflicts: 1 shift/reduce
State 409 conflicts: 1 shift/reduce
State 410 conflicts: 1 shift/reduce
State 411 conflicts: 1 shift/reduce
State 412 conflicts: 1 shift/reduce


Grammar

    0 $accept: program $end

    1 program: ε
    2        | class_declaration none_or_newlines program
    3        | statement none_or_newlines program

    4 $@1: ε

    5 class_declaration: access_modifier CLASS CLASS_ID LCB $@1 none_or_newlines class_body none_or_newlines RCB

    6 $@2: ε

    7 class_declaration: CLASS CLASS_ID LCB $@2 none_or_newlines class_body none_or_newlines RCB

    8 class_body: ε
    9           | class_declaration none_or_newlines class_body
   10           | statement none_or_newlines class_body

   11 identifier_list: ID
   12                | ID COMMA identifier_list

   13 assignment_list: ID ASSIGN exp
   14                | ID ASSIGN exp COMMA assignment_list
   15                | ID ASSIGN DQ_STRING_DQ
   16                | ID ASSIGN DQ_STRING_DQ COMMA assignment_list
   17                | ID ASSIGN variable_reference
   18                | ID ASSIGN variable_reference COMMA assignment_list
   19                | ID ASSIGN method_call
   20                | ID ASSIGN method_call COMMA assignment_list
   21                | ID ASSIGN object_creation
   22                | ID ASSIGN object_creation COMMA assignment_list

   23 variable_declaration: data_type identifier_list
   24                     | access_modifier data_type identifier_list
   25                     | access_modifier data_type assignment_list
   26                     | data_type assignment_list
   27                     | assignment_list

   28 variable_reference: ID

   29 $@3: ε

   30 method_declaration: access_modifier data_type ID LP none_or_newlines none_or_multiple_parameters none_or_newlines RP LCB $@3 none_or_newlines method_body none_or_newlines RCB

   31 $@4: ε

   32 method_declaration: data_type ID LP none_or_newlines none_or_multiple_parameters none_or_newlines RP LCB $@4 none_or_newlines method_body none_or_newlines RCB

   33 none_or_multiple_parameters: ε
   34                            | parameter parameters

   35 parameters: ε
   36           | COMMA none_or_newlines parameter parameters

   37 parameter: data_type ID

   38 method_body: ε
   39            | statement none_or_newlines method_body

   40 statement: ε
   41          | method_call none_or_newlines statement
   42          | if_statement none_or_newlines statement
   43          | do_while_statement none_or_newlines statement
   44          | for_statement none_or_newlines statement
   45          | switch_statement none_or_newlines statement
   46          | return_statement none_or_newlines statement
   47          | break_statement none_or_newlines statement
   48          | print_statement none_or_newlines statement
   49          | exp SEMICOLON none_or_newlines statement
   50          | relational_exp SEMICOLON none_or_newlines statement
   51          | DQ_STRING_DQ SEMICOLON none_or_newlines statement
   52          | variable_declaration SEMICOLON none_or_newlines statement
   53          | method_declaration none_or_newlines statement
   54          | object_creation none_or_newlines statement
   55          | variable_reference SEMICOLON none_or_newlines statement
   56          | member_access none_or_newlines statement

   57 assignment_statement: data_type ID ASSIGN exp
   58                     | data_type ID ASSIGN variable_reference

   59 method_call: ID LP none_or_newlines none_or_multiple_arguments none_or_newlines RP SEMICOLON

   60 none_or_multiple_arguments: ε
   61                           | parameter arguments
   62                           | variable_reference arguments

   63 arguments: ε
   64          | COMMA none_or_newlines parameter arguments
   65          | COMMA none_or_newlines variable_reference arguments

   66 if_statement: IF LP none_or_newlines exp none_or_newlines RP LCB none_or_newlines statement none_or_newlines RCB none_or_newlines none_or_multiple_elif none_or_newlines none_or_one_else
   67             | IF LP none_or_newlines relational_exp none_or_newlines RP LCB none_or_newlines statement none_or_newlines RCB none_or_newlines none_or_multiple_elif none_or_newlines none_or_one_else
   68             | IF LP none_or_newlines variable_reference none_or_newlines RP LCB none_or_newlines statement none_or_newlines RCB none_or_newlines none_or_multiple_elif none_or_newlines none_or_one_else
   69             | IF LP none_or_newlines method_call none_or_newlines RP LCB none_or_newlines statement none_or_newlines RCB none_or_newlines none_or_multiple_elif none_or_newlines none_or_one_else

   70 none_or_multiple_elif: ε
   71                      | ELIF LP exp RP LCB none_or_newlines statement none_or_newlines RCB none_or_multiple_elif
   72                      | ELIF LP relational_exp RP LCB none_or_newlines statement none_or_newlines RCB none_or_multiple_elif
   73                      | ELIF LP variable_reference RP LCB none_or_newlines statement none_or_newlines RCB none_or_multiple_elif
   74                      | ELIF LP method_call RP LCB none_or_newlines statement none_or_newlines RCB none_or_multiple_elif

   75 none_or_one_else: ε
   76                 | ELSE LCB none_or_newlines statement none_or_newlines RCB

   77 do_while_statement: DO LCB none_or_newlines statement none_or_newlines RCB WHILE LP none_or_newlines relational_exp none_or_newlines RP SEMICOLON
   78                   | DO LCB none_or_newlines statement none_or_newlines RCB WHILE LP none_or_newlines variable_reference none_or_newlines RP SEMICOLON

   79 for_statement: FOR LP none_or_newlines first_and_third_loop_statement SEMICOLON none_or_newlines second_loop_statement SEMICOLON none_or_newlines first_and_third_loop_statement none_or_newlines RP LCB none_or_newlines statement none_or_newlines RCB

   80 first_and_third_loop_statement: ε
   81                               | assignment_statement

   82 second_loop_statement: ε
   83                      | relational_exp

   84 switch_statement: SWITCH LP none_or_newlines exp none_or_newlines RP LCB none_or_newlines one_or_more_cases none_or_newlines default_case none_or_newlines RCB
   85                 | SWITCH LP none_or_newlines SQ_ANYCHAR_SQ none_or_newlines RP LCB none_or_newlines one_or_more_cases none_or_newlines default_case none_or_newlines RCB

   86 default_case: ε
   87             | DEFAULT COLON none_or_newlines statement

   88 one_or_more_cases: cases none_or_newlines multiple_cases

   89 multiple_cases: ε
   90               | cases none_or_newlines multiple_cases

   91 cases: CASE case_expression COLON none_or_newlines statement

   92 case_expression: CONST
   93                | SQ_ANYCHAR_SQ

   94 return_statement: RETURN exp SEMICOLON
   95                 | RETURN variable_reference SEMICOLON
   96                 | RETURN method_call SEMICOLON

   97 break_statement: BREAK SEMICOLON

   98 print_statement: PRINT LP DQ_STRING_DQ single_or_multiple_variables RP SEMICOLON

   99 single_or_multiple_variables: ε
  100                             | COMMA ID single_or_multiple_variables

  101 exp: factor
  102    | exp ADD factor
  103    | exp SUB factor

  104 factor: term
  105       | factor MUL term
  106       | factor DIV term
  107       | factor MOD term

  108 term: unary
  109     | term POW unary

  110 relational_exp: relational_factor
  111               | relational_exp EQ relational_factor
  112               | relational_exp NEQ relational_factor
  113               | relational_exp LT relational_factor
  114               | relational_exp GT relational_factor
  115               | relational_exp LE relational_factor
  116               | relational_exp GE relational_factor

  117 relational_factor: logical_term
  118                  | relational_factor AND logical_term
  119                  | relational_factor OR logical_term

  120 logical_term: unary
  121             | NOT unary

  122 unary: primary
  123      | ADD primary
  124      | SUB primary

  125 primary: CONST
  126        | DOUBLE_CONST
  127        | variable_reference
  128        | LP exp RP
  129        | LP relational_exp RP

  130 object_creation: CLASS_ID ID ASSIGN NEW CLASS_ID LP RP SEMICOLON

  131 $@5: ε

  132 member_access: ID DOT member_access_body $@5 none_or_newlines

  133 member_access_body: ID SEMICOLON
  134                   | method_call

  135 access_modifier: PUBLIC
  136                | PRIVATE

  137 data_type: ε
  138          | INTEGER
  139          | CHAR
  140          | DOUBLE
  141          | BOOLEAN
  142          | STRING
  143          | VOID

  144 none_or_newlines: ε
  145                 | NEWLINE none_or_newlines


Terminals, with rules where they appear

    $end (0) 0
    error (256)
    CONST <ival> (258) 92 125
    ID <sval> (259) 11 12 13 14 15 16 17 18 19 20 21 22 28 30 32 37 57 58 59 100 130 132 133
    CLASS_ID <sval> (260) 5 7 130
    ANY_CHARACTER <cval> (261)
    DOUBLE_CONST <dval> (262) 126
    VAR (263)
    NEWLINE (264) 145
    CLASS (265) 5 7
    PUBLIC (266) 135
    PRIVATE (267) 136
    INTEGER (268) 138
    CHAR (269) 139
    DOUBLE (270) 140
    BOOLEAN (271) 141
    STRING (272) 142
    VOID (273) 143
    NEW (274) 130
    RETURN (275) 94 95 96
    IF (276) 66 67 68 69
    ELIF (277) 71 72 73 74
    ELSE (278) 76
    SWITCH (279) 84 85
    CASE (280) 91
    DEFAULT (281) 87
    WHILE (282) 77 78
    DO (283) 77 78
    FOR (284) 79
    BREAK (285) 97
    TRUE (286)
    FALSE (287)
    PRINT (288) 98
    SQ_ANYCHAR_SQ (289) 85 93
    DQ_STRING_DQ (290) 15 16 51 98
    SEMICOLON (291) 49 50 51 52 55 59 77 78 79 94 95 96 97 98 130 133
    COMMA (292) 12 14 16 18 20 22 36 64 65 100
    DOT (293) 132
    QUESTION (294)
    COLON (295) 87 91
    DQ (296)
    SQ (297)
    ADD (298) 102 123
    SUB (299) 103 124
    MUL (300) 105
    DIV (301) 106
    MOD (302) 107
    POW (303) 109
    LP (304) 30 32 59 66 67 68 69 71 72 73 74 77 78 79 84 85 98 128 129 130
    RP (305) 30 32 59 66 67 68 69 71 72 73 74 77 78 79 84 85 98 128 129 130
    LSB (306)
    RSB (307)
    LCB (308) 5 7 30 32 66 67 68 69 71 72 73 74 76 77 78 79 84 85
    RCB (309) 5 7 30 32 66 67 68 69 71 72 73 74 76 77 78 79 84 85
    ASSIGN (310) 13 14 15 16 17 18 19 20 21 22 57 58 130
    EQ (311) 111
    NEQ (312) 112
    LT (313) 113
    GT (314) 114
    LE (315) 115
    GE (316) 116
    AND (317) 118
    OR (318) 119
    NOT (319) 121


Nonterminals, with rules where they appear

    $accept (65)
        on left: 0
    program (66)
        on left: 1 2 3
        on right: 0 2 3
    class_declaration (67)
        on left: 5 7
        on right: 2 9
    $@1 (68)
        on left: 4
        on right: 5
    $@2 (69)
        on left: 6
        on right: 7
    class_body (70)
        on left: 8 9 10
        on right: 5 7 9 10
    identifier_list <sval> (71)
        on left: 11 12
        on right: 12 23 24
    assignment_list <sval> (72)
        on left: 13 14 15 16 17 18 19 20 21 22
        on right: 14 16 18 20 22 25 26 27
    variable_declaration <sval> (73)
        on left: 23 24 25 26 27
        on right: 52
    variable_reference <sval> (74)
        on left: 28
        on right: 17 18 55 58 62 65 68 73 78 95 127
    method_declaration (75)
        on left: 30 32
        on right: 53
    $@3 (76)
        on left: 29
        on right: 30
    $@4 (77)
        on left: 31
        on right: 32
    none_or_multiple_parameters (78)
        on left: 33 34
        on right: 30 32
    parameters (79)
        on left: 35 36
        on right: 34 36
    parameter (80)
        on left: 37
        on right: 34 36 61 64
    method_body (81)
        on left: 38 39
        on right: 30 32 39
    statement (82)
        on left: 40 41 42 43 44 45 46 47 48 49 50 51 52 53 54 55 56
        on right: 3 10 39 41 42 43 44 45 46 47 48 49 50 51 52 53 54 55 56 66 67 68 69 71 72 73 74 76 77 78 79 87 91
    assignment_statement (83)
        on left: 57 58
        on right: 81
    method_call <sval> (84)
        on left: 59
        on right: 19 20 41 69 74 96 134
    none_or_multiple_arguments (85)
        on left: 60 61 62
        on right: 59
    arguments (86)
        on left: 63 64 65
        on right: 61 62 64 65
    if_statement (87)
        on left: 66 67 68 69
        on right: 42
    none_or_multiple_elif (88)
        on left: 70 71 72 73 74
        on right: 66 67 68 69 71 72 73 74
    none_or_one_else (89)
        on left: 75 76
        on right: 66 67 68 69
    do_while_statement (90)
        on left: 77 78
        on right: 43
    for_statement (91)
        on left: 79
        on right: 44
    first_and_third_loop_statement (92)
        on left: 80 81
        on right: 79
    second_loop_statement (93)
        on left: 82 83
        on right: 79
    switch_statement (94)
        on left: 84 85
        on right: 45
    default_case (95)
        on left: 86 87
        on right: 84 85
    one_or_more_cases (96)
        on left: 88
        on right: 84 85
    multiple_cases (97)
        on left: 89 90
        on right: 88 90
    cases (98)
        on left: 91
        on right: 88 90
    case_expression (99)
        on left: 92 93
        on right: 91
    return_statement (100)
        on left: 94 95 96
        on right: 46
    break_statement (101)
        on left: 97
        on right: 47
    print_statement (102)
        on left: 98
        on right: 48
    single_or_multiple_variables (103)
        on left: 99 100
        on right: 98 100
    exp (104)
        on left: 101 102 103
        on right: 13 14 49 57 66 71 84 94 102 103 128
    factor (105)
        on left: 104 105 106 107
        on right: 101 102 103 105 106 107
    term (106)
        on left: 108 109
        on right: 104 105 106 107 109
    relational_exp (107)
        on left: 110 111 112 113 114 115 116
        on right: 50 67 72 77 83 111 112 113 114 115 116 129
    relational_factor (108)
        on left: 117 118 119
        on right: 110 111 112 113 114 115 116 118 119
    logical_term (109)
        on left: 120 121
        on right: 117 118 119
    unary (110)
        on left: 122 123 124
        on right: 108 109 120 121
    primary (111)
        on left: 125 126 127 128 129
        on right: 122 123 124
    object_creation (112)
        on left: 130
        on right: 21 22 54
    member_access <sval> (113)
        on left: 132
        on right: 56
    $@5 (114)
        on left: 131
        on right: 132
    member_access_body <sval> (115)
        on left: 133 134
        on right: 132
    access_modifier (116)
        on left: 135 136
        on right: 5 24 25 30
    data_type <sval> (117)
        on left: 137 138 139 140 141 142 143
        on right: 23 24 25 26 30 32 37 57 58
    none_or_newlines (118)
        on left: 144 145
        on right: 2 3 5 7 9 10 30 32 36 39 41 42 43 44 45 46 47 48 49 50 51 52 53 54 55 56 59 64 65 66 67 68 69 71 72 73 74 76 77 78 79 84 85 87 88 90 91 132 145


State 0

    0 $accept: • program $end

    CONST         shift, and go to state 1
    ID            shift, and go to state 2
    CLASS_ID      shift, and go to state 3
    DOUBLE_CONST  shift, and go to state 4
    CLASS         shift, and go to state 5
    PUBLIC        shift, and go to state 6
    PRIVATE       shift, and go to state 7
    INTEGER       shift, and go to state 8
    CHAR          shift, and go to state 9
    DOUBLE        shift, and go to state 10
    BOOLEAN       shift, and go to state 11
    STRING        shift, and go to state 12
    VOID          shift, and go to state 13
    RETURN        shift, and go to state 14
    IF            shift, and go to state 15
    SWITCH        shift, and go to state 16
    DO            shift, and go to state 17
    FOR           shift, and go to state 18
    BREAK         shift, and go to state 19
    PRINT         shift, and go to state 20
    DQ_STRING_DQ  shift, and go to state 21
    ADD           shift, and go to state 22
    SUB           shift, and go to state 23
    LP            shift, and go to state 24
    NOT           shift, and go to state 25

    $end          reduce using rule 1 (program)
    $end          [reduce using rule 40 (statement)]
    CONST         [reduce using rule 40 (statement)]
    ID            [reduce using rule 40 (statement)]
    ID            [reduce using rule 137 (data_type)]
    CLASS_ID      [reduce using rule 40 (statement)]
    DOUBLE_CONST  [reduce using rule 40 (statement)]
    NEWLINE       reduce using rule 40 (statement)
    CLASS         [reduce using rule 40 (statement)]
    PUBLIC        [reduce using rule 40 (statement)]
    PRIVATE       [reduce using rule 40 (statement)]
    INTEGER       [reduce using rule 40 (statement)]
    CHAR          [reduce using rule 40 (statement)]
    DOUBLE        [reduce using rule 40 (statement)]
    BOOLEAN       [reduce using rule 40 (statement)]
    STRING        [reduce using rule 40 (statement)]
    VOID          [reduce using rule 40 (statement)]
    RETURN        [reduce using rule 40 (statement)]
    IF            [reduce using rule 40 (statement)]
    SWITCH        [reduce using rule 40 (statement)]
    DO            [reduce using rule 40 (statement)]
    FOR           [reduce using rule 40 (statement)]
    BREAK         [reduce using rule 40 (statement)]
    PRINT         [reduce using rule 40 (statement)]
    DQ_STRING_DQ  [reduce using rule 40 (statement)]
    ADD           [reduce using rule 40 (statement)]
    SUB           [reduce using rule 40 (statement)]
    LP            [reduce using rule 40 (statement)]
    NOT           [reduce using rule 40 (statement)]
    $default      reduce using rule 1 (program)

    program               go to state 26
    class_declaration     go to state 27
    assignment_list       go to state 28
    variable_declaration  go to state 29
    variable_reference    go to state 30
    method_declaration    go to state 31
    statement             go to state 32
    method_call           go to state 33
    if_statement          go to state 34
    do_while_statement    go to state 35
    for_statement         go to state 36
    switch_statement      go to state 37
    return_statement      go to state 38
    break_statement       go to state 39
    print_statement       go to state 40
    exp                   go to state 41
    factor                go to state 42
    term                  go to state 43
    relational_exp        go to state 44
    relational_factor     go to state 45
    logical_term          go to state 46
    unary                 go to state 47
    primary               go to state 48
    object_creation       go to state 49
    member_access         go to state 50
    access_modifier       go to state 51
    data_type             go to state 52


State 1

  125 primary: CONST •

    $default  reduce using rule 125 (primary)


State 2

   13 assignment_list: ID • ASSIGN exp
   14                | ID • ASSIGN exp COMMA assignment_list
   15                | ID • ASSIGN DQ_STRING_DQ
   16                | ID • ASSIGN DQ_STRING_DQ COMMA assignment_list
   17                | ID • ASSIGN variable_reference
   18                | ID • ASSIGN variable_reference COMMA assignment_list
   19                | ID • ASSIGN method_call
   20                | ID • ASSIGN method_call COMMA assignment_list
   21                | ID • ASSIGN object_creation
   22                | ID • ASSIGN object_creation COMMA assignment_list
   28 variable_reference: ID •
   59 method_call: ID • LP none_or_newlines none_or_multiple_arguments none_or_newlines RP SEMICOLON
  132 member_access: ID • DOT member_access_body $@5 none_or_newlines

    DOT     shift, and go to state 53
    LP      shift, and go to state 54
    ASSIGN  shift, and go to state 55

    $default  reduce using rule 28 (variable_reference)


State 3

  130 object_creation: CLASS_ID • ID ASSIGN NEW CLASS_ID LP RP SEMICOLON

    ID  shift, and go to state 56


State 4

  126 primary: DOUBLE_CONST •

    $default  reduce using rule 126 (primary)


State 5

    7 class_declaration: CLASS • CLASS_ID LCB $@2 none_or_newlines class_body none_or_newlines RCB

    CLASS_ID  shift, and go to state 57


State 6

  135 access_modifier: PUBLIC •

    $default  reduce using rule 135 (access_modifier)


State 7

  136 access_modifier: PRIVATE •

    $default  reduce using rule 136 (access_modifier)


State 8

  138 data_type: INTEGER •

    $default  reduce using rule 138 (data_type)


State 9

  139 data_type: CHAR •

    $default  reduce using rule 139 (data_type)


State 10

  140 data_type: DOUBLE •

    $default  reduce using rule 140 (data_type)


State 11

  141 data_type: BOOLEAN •

    $default  reduce using rule 141 (data_type)


State 12

  142 data_type: STRING •

    $default  reduce using rule 142 (data_type)


State 13

  143 data_type: VOID •

    $default  reduce using rule 143 (data_type)


State 14

   94 return_statement: RETURN • exp SEMICOLON
   95                 | RETURN • variable_reference SEMICOLON
   96                 | RETURN • method_call SEMICOLON

    CONST         shift, and go to state 1
    ID            shift, and go to state 58
    DOUBLE_CONST  shift, and go to state 4
    ADD           shift, and go to state 22
    SUB           shift, and go to state 23
    LP            shift, and go to state 24

    variable_reference  go to state 59
    method_call         go to state 60
    exp                 go to state 61
    factor              go to state 42
    term                go to state 43
    unary               go to state 62
    primary             go to state 48


State 15

   66 if_statement: IF • LP none_or_newlines exp none_or_newlines RP LCB none_or_newlines statement none_or_newlines RCB none_or_newlines none_or_multiple_elif none_or_newlines none_or_one_else
   67             | IF • LP none_or_newlines relational_exp none_or_newlines RP LCB none_or_newlines statement none_or_newlines RCB none_or_newlines none_or_multiple_elif none_or_newlines none_or_one_else
   68             | IF • LP none_or_newlines variable_reference none_or_newlines RP LCB none_or_newlines statement none_or_newlines RCB none_or_newlines none_or_multiple_elif none_or_newlines none_or_one_else
   69             | IF • LP none_or_newlines method_call none_or_newlines RP LCB none_or_newlines statement none_or_newlines RCB none_or_newlines none_or_multiple_elif none_or_newlines none_or_one_else

    LP  shift, and go to state 63


State 16

   84 switch_statement: SWITCH • LP none_or_newlines exp none_or_newlines RP LCB none_or_newlines one_or_more_cases none_or_newlines default_case none_or_newlines RCB
   85                 | SWITCH • LP none_or_newlines SQ_ANYCHAR_SQ none_or_newlines RP LCB none_or_newlines one_or_more_cases none_or_newlines default_case none_or_newlines RCB

    LP  shift, and go to state 64


State 17

   77 do_while_statement: DO • LCB none_or_newlines statement none_or_newlines RCB WHILE LP none_or_newlines relational_exp none_or_newlines RP SEMICOLON
   78                   | DO • LCB none_or_newlines statement none_or_newlines RCB WHILE LP none_or_newlines variable_reference none_or_newlines RP SEMICOLON

    LCB  shift, and go to state 65


State 18

   79 for_statement: FOR • LP none_or_newlines first_and_third_loop_statement SEMICOLON none_or_newlines second_loop_statement SEMICOLON none_or_newlines first_and_third_loop_statement none_or_newlines RP LCB none_or_newlines statement none_or_newlines RCB

    LP  shift, and go to state 66


State 19

   97 break_statement: BREAK • SEMICOLON

    SEMICOLON  shift, and go to state 67


State 20

   98 print_statement: PRINT • LP DQ_STRING_DQ single_or_multiple_variables RP SEMICOLON

    LP  shift, and go to state 68


State 21

   51 statement: DQ_STRING_DQ • SEMICOLON none_or_newlines statement

    SEMICOLON  shift, and go to state 69


State 22

  123 unary: ADD • primary

    CONST         shift, and go to state 1
    ID            shift, and go to state 70
    DOUBLE_CONST  shift, and go to state 4
    LP            shift, and go to state 24

    variable_reference  go to state 71
    primary             go to state 72


State 23

  124 unary: SUB • primary

    CONST         shift, and go to state 1
    ID            shift, and go to state 70
    DOUBLE_CONST  shift, and go to state 4
    LP            shift, and go to state 24

    variable_reference  go to state 71
    primary             go to state 73


State 24

  128 primary: LP • exp RP
  129        | LP • relational_exp RP

    CONST         shift, and go to state 1
    ID            shift, and go to state 70
    DOUBLE_CONST  shift, and go to state 4
    ADD           shift, and go to state 22
    SUB           shift, and go to state 23
    LP            shift, and go to state 24
    NOT           shift, and go to state 25

    variable_reference  go to state 71
    exp                 go to state 74
    factor              go to state 42
    term                go to state 43
    relational_exp      go to state 75
    relational_factor   go to state 45
    logical_term        go to state 46
    unary               go to state 47
    primary             go to state 48


State 25

  121 logical_term: NOT • unary

    CONST         shift, and go to state 1
    ID            shift, and go to state 70
    DOUBLE_CONST  shift, and go to state 4
    ADD           shift, and go to state 22
    SUB           shift, and go to state 23
    LP            shift, and go to state 24

    variable_reference  go to state 71
    unary               go to state 76
    primary             go to state 48


State 26

    0 $accept: program • $end

    $end  shift, and go to state 77


State 27

    2 program: class_declaration • none_or_newlines program

    NEWLINE  shift, and go to state 78

    NEWLINE   [reduce using rule 144 (none_or_newlines)]
    $default  reduce using rule 144 (none_or_newlines)

    none_or_newlines  go to state 79


State 28

   27 variable_declaration: assignment_list •

    $default  reduce using rule 27 (variable_declaration)


State 29

   52 statement: variable_declaration • SEMICOLON none_or_newlines statement

    SEMICOLON  shift, and go to state 80


State 30

   55 statement: variable_reference • SEMICOLON none_or_newlines statement
  127 primary: variable_reference •

    SEMICOLON  shift, and go to state 81

    SEMICOLON  [reduce using rule 127 (primary)]
    $default   reduce using rule 127 (primary)


State 31

   53 statement: method_declaration • none_or_newlines statement

    NEWLINE  shift, and go to state 78

    NEWLINE   [reduce using rule 144 (none_or_newlines)]
    $default  reduce using rule 144 (none_or_newlines)

    none_or_newlines  go to state 82


State 32

    3 program: statement • none_or_newlines program

    NEWLINE  shift, and go to state 78

    NEWLINE   [reduce using rule 144 (none_or_newlines)]
    $default  reduce using rule 144 (none_or_newlines)

    none_or_newlines  go to state 83


State 33

   41 statement: method_call • none_or_newlines statement

    NEWLINE  shift, and go to state 78

    NEWLINE   [reduce using rule 144 (none_or_newlines)]
    $default  reduce using rule 144 (none_or_newlines)

    none_or_newlines  go to state 84


State 34

   42 statement: if_statement • none_or_newlines statement

    NEWLINE  shift, and go to state 78

    NEWLINE   [reduce using rule 144 (none_or_newlines)]
    $default  reduce using rule 144 (none_or_newlines)

    none_or_newlines  go to state 85


State 35

   43 statement: do_while_statement • none_or_newlines statement

    NEWLINE  shift, and go to state 78

    NEWLINE   [reduce using rule 144 (none_or_newlines)]
    $default  reduce using rule 144 (none_or_newlines)

    none_or_newlines  go to state 86


State 36

   44 statement: for_statement • none_or_newlines statement

    NEWLINE  shift, and go to state 78

    NEWLINE   [reduce using rule 144 (none_or_newlines)]
    $default  reduce using rule 144 (none_or_newlines)

    none_or_newlines  go to state 87


State 37

   45 statement: switch_statement • none_or_newlines statement

    NEWLINE  shift, and go to state 78

    NEWLINE   [reduce using rule 144 (none_or_newlines)]
    $default  reduce using rule 144 (none_or_newlines)

    none_or_newlines  go to state 88


State 38

   46 statement: return_statement • none_or_newlines statement

    NEWLINE  shift, and go to state 78

    NEWLINE   [reduce using rule 144 (none_or_newlines)]
    $default  reduce using rule 144 (none_or_newlines)

    none_or_newlines  go to state 89


State 39

   47 statement: break_statement • none_or_newlines statement

    NEWLINE  shift, and go to state 78

    NEWLINE   [reduce using rule 144 (none_or_newlines)]
    $default  reduce using rule 144 (none_or_newlines)

    none_or_newlines  go to state 90


State 40

   48 statement: print_statement • none_or_newlines statement

    NEWLINE  shift, and go to state 78

    NEWLINE   [reduce using rule 144 (none_or_newlines)]
    $default  reduce using rule 144 (none_or_newlines)

    none_or_newlines  go to state 91


State 41

   49 statement: exp • SEMICOLON none_or_newlines statement
  102 exp: exp • ADD factor
  103    | exp • SUB factor

    SEMICOLON  shift, and go to state 92
    ADD        shift, and go to state 93
    SUB        shift, and go to state 94


State 42

  101 exp: factor •
  105 factor: factor • MUL term
  106       | factor • DIV term
  107       | factor • MOD term

    MUL  shift, and go to state 95
    DIV  shift, and go to state 96
    MOD  shift, and go to state 97

    $default  reduce using rule 101 (exp)


State 43

  104 factor: term •
  109 term: term • POW unary

    POW  shift, and go to state 98

    $default  reduce using rule 104 (factor)


State 44

   50 statement: relational_exp • SEMICOLON none_or_newlines statement
  111 relational_exp: relational_exp • EQ relational_factor
  112               | relational_exp • NEQ relational_factor
  113               | relational_exp • LT relational_factor
  114               | relational_exp • GT relational_factor
  115               | relational_exp • LE relational_factor
  116               | relational_exp • GE relational_factor

    SEMICOLON  shift, and go to state 99
    EQ         shift, and go to state 100
    NEQ        shift, and go to state 101
    LT         shift, and go to state 102
    GT         shift, and go to state 103
    LE         shift, and go to state 104
    GE         shift, and go to state 105


State 45

  110 relational_exp: relational_factor •
  118 relational_factor: relational_factor • AND logical_term
  119                  | relational_factor • OR logical_term

    AND  shift, and go to state 106
    OR   shift, and go to state 107

    $default  reduce using rule 110 (relational_exp)


State 46

  117 relational_factor: logical_term •

    $default  reduce using rule 117 (relational_factor)


State 47

  108 term: unary •
  120 logical_term: unary •

    NEWLINE    reduce using rule 108 (term)
    NEWLINE    [reduce using rule 120 (logical_term)]
    SEMICOLON  reduce using rule 108 (term)
    SEMICOLON  [reduce using rule 120 (logical_term)]
    RP         reduce using rule 108 (term)
    RP         [reduce using rule 120 (logical_term)]
    EQ         reduce using rule 120 (logical_term)
    NEQ        reduce using rule 120 (logical_term)
    LT         reduce using rule 120 (logical_term)
    GT         reduce using rule 120 (logical_term)
    LE         reduce using rule 120 (logical_term)
    GE         reduce using rule 120 (logical_term)
    AND        reduce using rule 120 (logical_term)
    OR         reduce using rule 120 (logical_term)
    $default   reduce using rule 108 (term)


State 48

  122 unary: primary •

    $default  reduce using rule 122 (unary)


State 49

   54 statement: object_creation • none_or_newlines statement

    NEWLINE  shift, and go to state 78

    NEWLINE   [reduce using rule 144 (none_or_newlines)]
    $default  reduce using rule 144 (none_or_newlines)

    none_or_newlines  go to state 108


State 50

   56 statement: member_access • none_or_newlines statement

    NEWLINE  shift, and go to state 78

    NEWLINE   [reduce using rule 144 (none_or_newlines)]
    $default  reduce using rule 144 (none_or_newlines)

    none_or_newlines  go to state 109


State 51

    5 class_declaration: access_modifier • CLASS CLASS_ID LCB $@1 none_or_newlines class_body none_or_newlines RCB
   24 variable_declaration: access_modifier • data_type identifier_list
   25                     | access_modifier • data_type assignment_list
   30 method_declaration: access_modifier • data_type ID LP none_or_newlines none_or_multiple_parameters none_or_newlines RP LCB $@3 none_or_newlines method_body none_or_newlines RCB

    CLASS    shift, and go to state 110
    INTEGER  shift, and go to state 8
    CHAR     shift, and go to state 9
    DOUBLE   shift, and go to state 10
    BOOLEAN  shift, and go to state 11
    STRING   shift, and go to state 12
    VOID     shift, and go to state 13

    $default  reduce using rule 137 (data_type)

    data_type  go to state 111


State 52

   23 variable_declaration: data_type • identifier_list
   26                     | data_type • assignment_list
   32 method_declaration: data_type • ID LP none_or_newlines none_or_multiple_parameters none_or_newlines RP LCB $@4 none_or_newlines method_body none_or_newlines RCB

    ID  shift, and go to state 112

    identifier_list  go to state 113
    assignment_list  go to state 114


State 53

  132 member_access: ID DOT • member_access_body $@5 none_or_newlines

    ID  shift, and go to state 115

    method_call         go to state 116
    member_access_body  go to state 117


State 54

   59 method_call: ID LP • none_or_newlines none_or_multiple_arguments none_or_newlines RP SEMICOLON

    NEWLINE  shift, and go to state 78

    NEWLINE   [reduce using rule 144 (none_or_newlines)]
    $default  reduce using rule 144 (none_or_newlines)

    none_or_newlines  go to state 118


State 55

   13 assignment_list: ID ASSIGN • exp
   14                | ID ASSIGN • exp COMMA assignment_list
   15                | ID ASSIGN • DQ_STRING_DQ
   16                | ID ASSIGN • DQ_STRING_DQ COMMA assignment_list
   17                | ID ASSIGN • variable_reference
   18                | ID ASSIGN • variable_reference COMMA assignment_list
   19                | ID ASSIGN • method_call
   20                | ID ASSIGN • method_call COMMA assignment_list
   21                | ID ASSIGN • object_creation
   22                | ID ASSIGN • object_creation COMMA assignment_list

    CONST         shift, and go to state 1
    ID            shift, and go to state 58
    CLASS_ID      shift, and go to state 3
    DOUBLE_CONST  shift, and go to state 4
    DQ_STRING_DQ  shift, and go to state 119
    ADD           shift, and go to state 22
    SUB           shift, and go to state 23
    LP            shift, and go to state 24

    variable_reference  go to state 120
    method_call         go to state 121
    exp                 go to state 122
    factor              go to state 42
    term                go to state 43
    unary               go to state 62
    primary             go to state 48
    object_creation     go to state 123


State 56

  130 object_creation: CLASS_ID ID • ASSIGN NEW CLASS_ID LP RP SEMICOLON

    ASSIGN  shift, and go to state 124


State 57

    7 class_declaration: CLASS CLASS_ID • LCB $@2 none_or_newlines class_body none_or_newlines RCB

    LCB  shift, and go to state 125


State 58

   28 variable_reference: ID •
   59 method_call: ID • LP none_or_newlines none_or_multiple_arguments none_or_newlines RP SEMICOLON

    LP  shift, and go to state 54

    $default  reduce using rule 28 (variable_reference)


State 59

   95 return_statement: RETURN variable_reference • SEMICOLON
  127 primary: variable_reference •

    SEMICOLON  shift, and go to state 126

    SEMICOLON  [reduce using rule 127 (primary)]
    $default   reduce using rule 127 (primary)


State 60

   96 return_statement: RETURN method_call • SEMICOLON

    SEMICOLON  shift, and go to state 127


State 61

   94 return_statement: RETURN exp • SEMICOLON
  102 exp: exp • ADD factor
  103    | exp • SUB factor

    SEMICOLON  shift, and go to state 128
    ADD        shift, and go to state 93
    SUB        shift, and go to state 94


State 62

  108 term: unary •

    $default  reduce using rule 108 (term)


State 63

   66 if_statement: IF LP • none_or_newlines exp none_or_newlines RP LCB none_or_newlines statement none_or_newlines RCB none_or_newlines none_or_multiple_elif none_or_newlines none_or_one_else
   67             | IF LP • none_or_newlines relational_exp none_or_newlines RP LCB none_or_newlines statement none_or_newlines RCB none_or_newlines none_or_multiple_elif none_or_newlines none_or_one_else
   68             | IF LP • none_or_newlines variable_reference none_or_newlines RP LCB none_or_newlines statement none_or_newlines RCB none_or_newlines none_or_multiple_elif none_or_newlines none_or_one_else
   69             | IF LP • none_or_newlines method_call none_or_newlines RP LCB none_or_newlines statement none_or_newlines RCB none_or_newlines none_or_multiple_elif none_or_newlines none_or_one_else

    NEWLINE  shift, and go to state 78

    $default  reduce using rule 144 (none_or_newlines)

    none_or_newlines  go to state 129


State 64

   84 switch_statement: SWITCH LP • none_or_newlines exp none_or_newlines RP LCB none_or_newlines one_or_more_cases none_or_newlines default_case none_or_newlines RCB
   85                 | SWITCH LP • none_or_newlines SQ_ANYCHAR_SQ none_or_newlines RP LCB none_or_newlines one_or_more_cases none_or_newlines default_case none_or_newlines RCB

    NEWLINE  shift, and go to state 78

    $default  reduce using rule 144 (none_or_newlines)

    none_or_newlines  go to state 130


State 65

   77 do_while_statement: DO LCB • none_or_newlines statement none_or_newlines RCB WHILE LP none_or_newlines relational_exp none_or_newlines RP SEMICOLON
   78                   | DO LCB • none_or_newlines statement none_or_newlines RCB WHILE LP none_or_newlines variable_reference none_or_newlines RP SEMICOLON

    NEWLINE  shift, and go to state 78

    NEWLINE   [reduce using rule 144 (none_or_newlines)]
    $default  reduce using rule 144 (none_or_newlines)

    none_or_newlines  go to state 131


State 66

   79 for_statement: FOR LP • none_or_newlines first_and_third_loop_statement SEMICOLON none_or_newlines second_loop_statement SEMICOLON none_or_newlines first_and_third_loop_statement none_or_newlines RP LCB none_or_newlines statement none_or_newlines RCB

    NEWLINE  shift, and go to state 78

    $default  reduce using rule 144 (none_or_newlines)

    none_or_newlines  go to state 132


State 67

   97 break_statement: BREAK SEMICOLON •

    $default  reduce using rule 97 (break_statement)


State 68

   98 print_statement: PRINT LP • DQ_STRING_DQ single_or_multiple_variables RP SEMICOLON

    DQ_STRING_DQ  shift, and go to state 133


State 69

   51 statement: DQ_STRING_DQ SEMICOLON • none_or_newlines statement

    NEWLINE  shift, and go to state 78

    NEWLINE   [reduce using rule 144 (none_or_newlines)]
    $default  reduce using rule 144 (none_or_newlines)

    none_or_newlines  go to state 134


State 70

   28 variable_reference: ID •

    $default  reduce using rule 28 (variable_reference)


State 71

  127 primary: variable_reference •

    $default  reduce using rule 127 (primary)


State 72

  123 unary: ADD primary •

    $default  reduce using rule 123 (unary)


State 73

  124 unary: SUB primary •

    $default  reduce using rule 124 (unary)


State 74

  102 exp: exp • ADD factor
  103    | exp • SUB factor
  128 primary: LP exp • RP

    ADD  shift, and go to state 93
    SUB  shift, and go to state 94
    RP   shift, and go to state 135


State 75

  111 relational_exp: relational_exp • EQ relational_factor
  112               | relational_exp • NEQ relational_factor
  113               | relational_exp • LT relational_factor
  114               | relational_exp • GT relational_factor
  115               | relational_exp • LE relational_factor
  116               | relational_exp • GE relational_factor
  129 primary: LP relational_exp • RP

    RP   shift, and go to state 136
    EQ   shift, and go to state 100
    NEQ  shift, and go to state 101
    LT   shift, and go to state 102
    GT   shift, and go to state 103
    LE   shift, and go to state 104
    GE   shift, and go to state 105


State 76

  121 logical_term: NOT unary •

    $default  reduce using rule 121 (logical_term)


State 77

    0 $accept: program $end •

    $default  accept


State 78

  145 none_or_newlines: NEWLINE • none_or_newlines

    NEWLINE  shift, and go to state 78

    NEWLINE   [reduce using rule 144 (none_or_newlines)]
    $default  reduce using rule 144 (none_or_newlines)

    none_or_newlines  go to state 137


State 79

    2 program: class_declaration none_or_newlines • program

    CONST         shift, and go to state 1
    ID            shift, and go to state 2
    CLASS_ID      shift, and go to state 3
    DOUBLE_CONST  shift, and go to state 4
    CLASS         shift, and go to state 5
    PUBLIC        shift, and go to state 6
    PRIVATE       shift, and go to state 7
    INTEGER       shift, and go to state 8
    CHAR          shift, and go to state 9
    DOUBLE        shift, and go to state 10
    BOOLEAN       shift, and go to state 11
    STRING        shift, and go to state 12
    VOID          shift, and go to state 13
    RETURN        shift, and go to state 14
    IF            shift, and go to state 15
    SWITCH        shift, and go to state 16
    DO            shift, and go to state 17
    FOR           shift, and go to state 18
    BREAK         shift, and go to state 19
    PRINT         shift, and go to state 20
    DQ_STRING_DQ  shift, and go to state 21
    ADD           shift, and go to state 22
    SUB           shift, and go to state 23
    LP            shift, and go to state 24
    NOT           shift, and go to state 25

    $end          reduce using rule 1 (program)
    $end          [reduce using rule 40 (statement)]
    CONST         [reduce using rule 40 (statement)]
    ID            [reduce using rule 40 (statement)]
    ID            [reduce using rule 137 (data_type)]
    CLASS_ID      [reduce using rule 40 (statement)]
    DOUBLE_CONST  [reduce using rule 40 (statement)]
    NEWLINE       reduce using rule 40 (statement)
    CLASS         [reduce using rule 40 (statement)]
    PUBLIC        [reduce using rule 40 (statement)]
    PRIVATE       [reduce using rule 40 (statement)]
    INTEGER       [reduce using rule 40 (statement)]
    CHAR          [reduce using rule 40 (statement)]
    DOUBLE        [reduce using rule 40 (statement)]
    BOOLEAN       [reduce using rule 40 (statement)]
    STRING        [reduce using rule 40 (statement)]
    VOID          [reduce using rule 40 (statement)]
    RETURN        [reduce using rule 40 (statement)]
    IF            [reduce using rule 40 (statement)]
    SWITCH        [reduce using rule 40 (statement)]
    DO            [reduce using rule 40 (statement)]
    FOR           [reduce using rule 40 (statement)]
    BREAK         [reduce using rule 40 (statement)]
    PRINT         [reduce using rule 40 (statement)]
    DQ_STRING_DQ  [reduce using rule 40 (statement)]
    ADD           [reduce using rule 40 (statement)]
    SUB           [reduce using rule 40 (statement)]
    LP            [reduce using rule 40 (statement)]
    NOT           [reduce using rule 40 (statement)]
    $default      reduce using rule 1 (program)

    program               go to state 138
    class_declaration     go to state 27
    assignment_list       go to state 28
    variable_declaration  go to state 29
    variable_reference    go to state 30
    method_declaration    go to state 31
    statement             go to state 32
    method_call           go to state 33
    if_statement          go to state 34
    do_while_statement    go to state 35
    for_statement         go to state 36
    switch_statement      go to state 37
    return_statement      go to state 38
    break_statement       go to state 39
    print_statement       go to state 40
    exp                   go to state 41
    factor                go to state 42
    term                  go to state 43
    relational_exp        go to state 44
    relational_factor     go to state 45
    logical_term          go to state 46
    unary                 go to state 47
    primary               go to state 48
    object_creation       go to state 49
    member_access         go to state 50
    access_modifier       go to state 51
    data_type             go to state 52


State 80

   52 statement: variable_declaration SEMICOLON • none_or_newlines statement

    NEWLINE  shift, and go to state 78

    NEWLINE   [reduce using rule 144 (none_or_newlines)]
    $default  reduce using rule 144 (none_or_newlines)

    none_or_newlines  go to state 139


State 81

   55 statement: variable_reference SEMICOLON • none_or_newlines statement

    NEWLINE  shift, and go to state 78

    NEWLINE   [reduce using rule 144 (none_or_newlines)]
    $default  reduce using rule 144 (none_or_newlines)

    none_or_newlines  go to state 140


State 82

   53 statement: method_declaration none_or_newlines • statement

    CONST         shift, and go to state 1
    ID            shift, and go to state 2
    CLASS_ID      shift, and go to state 3
    DOUBLE_CONST  shift, and go to state 4
    PUBLIC        shift, and go to state 6
    PRIVATE       shift, and go to state 7
    INTEGER       shift, and go to state 8
    CHAR          shift, and go to state 9
    DOUBLE        shift, and go to state 10
    BOOLEAN       shift, and go to state 11
    STRING        shift, and go to state 12
    VOID          shift, and go to state 13
    RETURN        shift, and go to state 14
    IF            shift, and go to state 15
    SWITCH        shift, and go to state 16
    DO            shift, and go to state 17
    FOR           shift, and go to state 18
    BREAK         shift, and go to state 19
    PRINT         shift, and go to state 20
    DQ_STRING_DQ  shift, and go to state 21
    ADD           shift, and go to state 22
    SUB           shift, and go to state 23
    LP            shift, and go to state 24
    NOT           shift, and go to state 25

    CONST         [reduce using rule 40 (statement)]
    ID            [reduce using rule 40 (statement)]
    ID            [reduce using rule 137 (data_type)]
    CLASS_ID      [reduce using rule 40 (statement)]
    DOUBLE_CONST  [reduce using rule 40 (statement)]
    PUBLIC        [reduce using rule 40 (statement)]
    PRIVATE       [reduce using rule 40 (statement)]
    INTEGER       [reduce using rule 40 (statement)]
    CHAR          [reduce using rule 40 (statement)]
    DOUBLE        [reduce using rule 40 (statement)]
    BOOLEAN       [reduce using rule 40 (statement)]
    STRING        [reduce using rule 40 (statement)]
    VOID          [reduce using rule 40 (statement)]
    RETURN        [reduce using rule 40 (statement)]
    IF            [reduce using rule 40 (statement)]
    SWITCH        [reduce using rule 40 (statement)]
    DO            [reduce using rule 40 (statement)]
    FOR           [reduce using rule 40 (statement)]
    BREAK         [reduce using rule 40 (statement)]
    PRINT         [reduce using rule 40 (statement)]
    DQ_STRING_DQ  [reduce using rule 40 (statement)]
    ADD           [reduce using rule 40 (statement)]
    SUB           [reduce using rule 40 (statement)]
    LP            [reduce using rule 40 (statement)]
    NOT           [reduce using rule 40 (statement)]
    $default      reduce using rule 40 (statement)

    assignment_list       go to state 28
    variable_declaration  go to state 29
    variable_reference    go to state 30
    method_declaration    go to state 31
    statement             go to state 141
    method_call           go to state 33
    if_statement          go to state 34
    do_while_statement    go to state 35
    for_statement         go to state 36
    switch_statement      go to state 37
    return_statement      go to state 38
    break_statement       go to state 39
    print_statement       go to state 40
    exp                   go to state 41
    factor                go to state 42
    term                  go to state 43
    relational_exp        go to state 44
    relational_factor     go to state 45
    logical_term          go to state 46
    unary                 go to state 47
    primary               go to state 48
    object_creation       go to state 49
    member_access         go to state 50
    access_modifier       go to state 142
    data_type             go to state 52


State 83

    3 program: statement none_or_newlines • program

    CONST         shift, and go to state 1
    ID            shift, and go to state 2
    CLASS_ID      shift, and go to state 3
    DOUBLE_CONST  shift, and go to state 4
    CLASS         shift, and go to state 5
    PUBLIC        shift, and go to state 6
    PRIVATE       shift, and go to state 7
    INTEGER       shift, and go to state 8
    CHAR          shift, and go to state 9
    DOUBLE        shift, and go to state 10
    BOOLEAN       shift, and go to state 11
    STRING        shift, and go to state 12
    VOID          shift, and go to state 13
    RETURN        shift, and go to state 14
    IF            shift, and go to state 15
    SWITCH        shift, and go to state 16
    DO            shift, and go to state 17
    FOR           shift, and go to state 18
    BREAK         shift, and go to state 19
    PRINT         shift, and go to state 20
    DQ_STRING_DQ  shift, and go to state 21
    ADD           shift, and go to state 22
    SUB           shift, and go to state 23
    LP            shift, and go to state 24
    NOT           shift, and go to state 25

    $end          reduce using rule 1 (program)
    $end          [reduce using rule 40 (statement)]
    CONST         [reduce using rule 40 (statement)]
    ID            [reduce using rule 40 (statement)]
    ID            [reduce using rule 137 (data_type)]
    CLASS_ID      [reduce using rule 40 (statement)]
    DOUBLE_CONST  [reduce using rule 40 (statement)]
    NEWLINE       reduce using rule 40 (statement)
    CLASS         [reduce using rule 40 (statement)]
    PUBLIC        [reduce using rule 40 (statement)]
    PRIVATE       [reduce using rule 40 (statement)]
    INTEGER       [reduce using rule 40 (statement)]
    CHAR          [reduce using rule 40 (statement)]
    DOUBLE        [reduce using rule 40 (statement)]
    BOOLEAN       [reduce using rule 40 (statement)]
    STRING        [reduce using rule 40 (statement)]
    VOID          [reduce using rule 40 (statement)]
    RETURN        [reduce using rule 40 (statement)]
    IF            [reduce using rule 40 (statement)]
    SWITCH        [reduce using rule 40 (statement)]
    DO            [reduce using rule 40 (statement)]
    FOR           [reduce using rule 40 (statement)]
    BREAK         [reduce using rule 40 (statement)]
    PRINT         [reduce using rule 40 (statement)]
    DQ_STRING_DQ  [reduce using rule 40 (statement)]
    ADD           [reduce using rule 40 (statement)]
    SUB           [reduce using rule 40 (statement)]
    LP            [reduce using rule 40 (statement)]
    NOT           [reduce using rule 40 (statement)]
    $default      reduce using rule 1 (program)

    program               go to state 143
    class_declaration     go to state 27
    assignment_list       go to state 28
    variable_declaration  go to state 29
    variable_reference    go to state 30
    method_declaration    go to state 31
    statement             go to state 32
    method_call           go to state 33
    if_statement          go to state 34
    do_while_statement    go to state 35
    for_statement         go to state 36
    switch_statement      go to state 37
    return_statement      go to state 38
    break_statement       go to state 39
    print_statement       go to state 40
    exp                   go to state 41
    factor                go to state 42
    term                  go to state 43
    relational_exp        go to state 44
    relational_factor     go to state 45
    logical_term          go to state 46
    unary                 go to state 47
    primary               go to state 48
    object_creation       go to state 49
    member_access         go to state 50
    access_modifier       go to state 51
    data_type             go to state 52


State 84

   41 statement: method_call none_or_newlines • statement

    CONST         shift, and go to state 1
    ID            shift, and go to state 2
    CLASS_ID      shift, and go to state 3
    DOUBLE_CONST  shift, and go to state 4
    PUBLIC        shift, and go to state 6
    PRIVATE       shift, and go to state 7
    INTEGER       shift, and go to state 8
    CHAR          shift, and go to state 9
    DOUBLE        shift, and go to state 10
    BOOLEAN       shift, and go to state 11
    STRING        shift, and go to state 12
    VOID          shift, and go to state 13
    RETURN        shift, and go to state 14
    IF            shift, and go to state 15
    SWITCH        shift, and go to state 16
    DO            shift, and go to state 17
    FOR           shift, and go to state 18
    BREAK         shift, and go to state 19
    PRINT         shift, and go to state 20
    DQ_STRING_DQ  shift, and go to state 21
    ADD           shift, and go to state 22
    SUB           shift, and go to state 23
    LP            shift, and go to state 24
    NOT           shift, and go to state 25

    CONST         [reduce using rule 40 (statement)]
    ID            [reduce using rule 40 (statement)]
    ID            [reduce using rule 137 (data_type)]
    CLASS_ID      [reduce using rule 40 (statement)]
    DOUBLE_CONST  [reduce using rule 40 (statement)]
    PUBLIC        [reduce using rule 40 (statement)]
    PRIVATE       [reduce using rule 40 (statement)]
    INTEGER       [reduce using rule 40 (statement)]
    CHAR          [reduce using rule 40 (statement)]
    DOUBLE        [reduce using rule 40 (statement)]
    BOOLEAN       [reduce using rule 40 (statement)]
    STRING        [reduce using rule 40 (statement)]
    VOID          [reduce using rule 40 (statement)]
    RETURN        [reduce using rule 40 (statement)]
    IF            [reduce using rule 40 (statement)]
    SWITCH        [reduce using rule 40 (statement)]
    DO            [reduce using rule 40 (statement)]
    FOR           [reduce using rule 40 (statement)]
    BREAK         [reduce using rule 40 (statement)]
    PRINT         [reduce using rule 40 (statement)]
    DQ_STRING_DQ  [reduce using rule 40 (statement)]
    ADD           [reduce using rule 40 (statement)]
    SUB           [reduce using rule 40 (statement)]
    LP            [reduce using rule 40 (statement)]
    NOT           [reduce using rule 40 (statement)]
    $default      reduce using rule 40 (statement)

    assignment_list       go to state 28
    variable_declaration  go to state 29
    variable_reference    go to state 30
    method_declaration    go to state 31
    statement             go to state 144
    method_call           go to state 33
    if_statement          go to state 34
    do_while_statement    go to state 35
    for_statement         go to state 36
    switch_statement      go to state 37
    return_statement      go to state 38
    break_statement       go to state 39
    print_statement       go to state 40
    exp                   go to state 41
    factor                go to state 42
    term                  go to state 43
    relational_exp        go to state 44
    relational_factor     go to state 45
    logical_term          go to state 46
    unary                 go to state 47
    primary               go to state 48
    object_creation       go to state 49
    member_access         go to state 50
    access_modifier       go to state 142
    data_type             go to state 52


State 85

   42 statement: if_statement none_or_newlines • statement

    CONST         shift, and go to state 1
    ID            shift, and go to state 2
    CLASS_ID      shift, and go to state 3
    DOUBLE_CONST  shift, and go to state 4
    PUBLIC        shift, and go to state 6
    PRIVATE       shift, and go to state 7
    INTEGER       shift, and go to state 8
    CHAR          shift, and go to state 9
    DOUBLE        shift, and go to state 10
    BOOLEAN       shift, and go to state 11
    STRING        shift, and go to state 12
    VOID          shift, and go to state 13
    RETURN        shift, and go to state 14
    IF            shift, and go to state 15
    SWITCH        shift, and go to state 16
    DO            shift, and go to state 17
    FOR           shift, and go to state 18
    BREAK         shift, and go to state 19
    PRINT         shift, and go to state 20
    DQ_STRING_DQ  shift, and go to state 21
    ADD           shift, and go to state 22
    SUB           shift, and go to state 23
    LP            shift, and go to state 24
    NOT           shift, and go to state 25

    CONST         [reduce using rule 40 (statement)]
    ID            [reduce using rule 40 (statement)]
    ID            [reduce using rule 137 (data_type)]
    CLASS_ID      [reduce using rule 40 (statement)]
    DOUBLE_CONST  [reduce using rule 40 (statement)]
    PUBLIC        [reduce using rule 40 (statement)]
    PRIVATE       [reduce using rule 40 (statement)]
    INTEGER       [reduce using rule 40 (statement)]
    CHAR          [reduce using rule 40 (statement)]
    DOUBLE        [reduce using rule 40 (statement)]
    BOOLEAN       [reduce using rule 40 (statement)]
    STRING        [reduce using rule 40 (statement)]
    VOID          [reduce using rule 40 (statement)]
    RETURN        [reduce using rule 40 (statement)]
    IF            [reduce using rule 40 (statement)]
    SWITCH        [reduce using rule 40 (statement)]
    DO            [reduce using rule 40 (statement)]
    FOR           [reduce using rule 40 (statement)]
    BREAK         [reduce using rule 40 (statement)]
    PRINT         [reduce using rule 40 (statement)]
    DQ_STRING_DQ  [reduce using rule 40 (statement)]
    ADD           [reduce using rule 40 (statement)]
    SUB           [reduce using rule 40 (statement)]
    LP            [reduce using rule 40 (statement)]
    NOT           [reduce using rule 40 (statement)]
    $default      reduce using rule 40 (statement)

    assignment_list       go to state 28
    variable_declaration  go to state 29
    variable_reference    go to state 30
    method_declaration    go to state 31
    statement             go to state 145
    method_call           go to state 33
    if_statement          go to state 34
    do_while_statement    go to state 35
    for_statement         go to state 36
    switch_statement      go to state 37
    return_statement      go to state 38
    break_statement       go to state 39
    print_statement       go to state 40
    exp                   go to state 41
    factor                go to state 42
    term                  go to state 43
    relational_exp        go to state 44
    relational_factor     go to state 45
    logical_term          go to state 46
    unary                 go to state 47
    primary               go to state 48
    object_creation       go to state 49
    member_access         go to state 50
    access_modifier       go to state 142
    data_type             go to state 52


State 86

   43 statement: do_while_statement none_or_newlines • statement

    CONST         shift, and go to state 1
    ID            shift, and go to state 2
    CLASS_ID      shift, and go to state 3
    DOUBLE_CONST  shift, and go to state 4
    PUBLIC        shift, and go to state 6
    PRIVATE       shift, and go to state 7
    INTEGER       shift, and go to state 8
    CHAR          shift, and go to state 9
    DOUBLE        shift, and go to state 10
    BOOLEAN       shift, and go to state 11
    STRING        shift, and go to state 12
    VOID          shift, and go to state 13
    RETURN        shift, and go to state 14
    IF            shift, and go to state 15
    SWITCH        shift, and go to state 16
    DO            shift, and go to state 17
    FOR           shift, and go to state 18
    BREAK         shift, and go to state 19
    PRINT         shift, and go to state 20
    DQ_STRING_DQ  shift, and go to state 21
    ADD           shift, and go to state 22
    SUB           shift, and go to state 23
    LP            shift, and go to state 24
    NOT           shift, and go to state 25

    CONST         [reduce using rule 40 (statement)]
    ID            [reduce using rule 40 (statement)]
    ID            [reduce using rule 137 (data_type)]
    CLASS_ID      [reduce using rule 40 (statement)]
    DOUBLE_CONST  [reduce using rule 40 (statement)]
    PUBLIC        [reduce using rule 40 (statement)]
    PRIVATE       [reduce using rule 40 (statement)]
    INTEGER       [reduce using rule 40 (statement)]
    CHAR          [reduce using rule 40 (statement)]
    DOUBLE        [reduce using rule 40 (statement)]
    BOOLEAN       [reduce using rule 40 (statement)]
    STRING        [reduce using rule 40 (statement)]
    VOID          [reduce using rule 40 (statement)]
    RETURN        [reduce using rule 40 (statement)]
    IF            [reduce using rule 40 (statement)]
    SWITCH        [reduce using rule 40 (statement)]
    DO            [reduce using rule 40 (statement)]
    FOR           [reduce using rule 40 (statement)]
    BREAK         [reduce using rule 40 (statement)]
    PRINT         [reduce using rule 40 (statement)]
    DQ_STRING_DQ  [reduce using rule 40 (statement)]
    ADD           [reduce using rule 40 (statement)]
    SUB           [reduce using rule 40 (statement)]
    LP            [reduce using rule 40 (statement)]
    NOT           [reduce using rule 40 (statement)]
    $default      reduce using rule 40 (statement)

    assignment_list       go to state 28
    variable_declaration  go to state 29
    variable_reference    go to state 30
    method_declaration    go to state 31
    statement             go to state 146
    method_call           go to state 33
    if_statement          go to state 34
    do_while_statement    go to state 35
    for_statement         go to state 36
    switch_statement      go to state 37
    return_statement      go to state 38
    break_statement       go to state 39
    print_statement       go to state 40
    exp                   go to state 41
    factor                go to state 42
    term                  go to state 43
    relational_exp        go to state 44
    relational_factor     go to state 45
    logical_term          go to state 46
    unary                 go to state 47
    primary               go to state 48
    object_creation       go to state 49
    member_access         go to state 50
    access_modifier       go to state 142
    data_type             go to state 52


State 87

   44 statement: for_statement none_or_newlines • statement

    CONST         shift, and go to state 1
    ID            shift, and go to state 2
    CLASS_ID      shift, and go to state 3
    DOUBLE_CONST  shift, and go to state 4
    PUBLIC        shift, and go to state 6
    PRIVATE       shift, and go to state 7
    INTEGER       shift, and go to state 8
    CHAR          shift, and go to state 9
    DOUBLE        shift, and go to state 10
    BOOLEAN       shift, and go to state 11
    STRING        shift, and go to state 12
    VOID          shift, and go to state 13
    RETURN        shift, and go to state 14
    IF            shift, and go to state 15
    SWITCH        shift, and go to state 16
    DO            shift, and go to state 17
    FOR           shift, and go to state 18
    BREAK         shift, and go to state 19
    PRINT         shift, and go to state 20
    DQ_STRING_DQ  shift, and go to state 21
    ADD           shift, and go to state 22
    SUB           shift, and go to state 23
    LP            shift, and go to state 24
    NOT           shift, and go to state 25

    CONST         [reduce using rule 40 (statement)]
    ID            [reduce using rule 40 (statement)]
    ID            [reduce using rule 137 (data_type)]
    CLASS_ID      [reduce using rule 40 (statement)]
    DOUBLE_CONST  [reduce using rule 40 (statement)]
    PUBLIC        [reduce using rule 40 (statement)]
    PRIVATE       [reduce using rule 40 (statement)]
    INTEGER       [reduce using rule 40 (statement)]
    CHAR          [reduce using rule 40 (statement)]
    DOUBLE        [reduce using rule 40 (statement)]
    BOOLEAN       [reduce using rule 40 (statement)]
    STRING        [reduce using rule 40 (statement)]
    VOID          [reduce using rule 40 (statement)]
    RETURN        [reduce using rule 40 (statement)]
    IF            [reduce using rule 40 (statement)]
    SWITCH        [reduce using rule 40 (statement)]
    DO            [reduce using rule 40 (statement)]
    FOR           [reduce using rule 40 (statement)]
    BREAK         [reduce using rule 40 (statement)]
    PRINT         [reduce using rule 40 (statement)]
    DQ_STRING_DQ  [reduce using rule 40 (statement)]
    ADD           [reduce using rule 40 (statement)]
    SUB           [reduce using rule 40 (statement)]
    LP            [reduce using rule 40 (statement)]
    NOT           [reduce using rule 40 (statement)]
    $default      reduce using rule 40 (statement)

    assignment_list       go to state 28
    variable_declaration  go to state 29
    variable_reference    go to state 30
    method_declaration    go to state 31
    statement             go to state 147
    method_call           go to state 33
    if_statement          go to state 34
    do_while_statement    go to state 35
    for_statement         go to state 36
    switch_statement      go to state 37
    return_statement      go to state 38
    break_statement       go to state 39
    print_statement       go to state 40
    exp                   go to state 41
    factor                go to state 42
    term                  go to state 43
    relational_exp        go to state 44
    relational_factor     go to state 45
    logical_term          go to state 46
    unary                 go to state 47
    primary               go to state 48
    object_creation       go to state 49
    member_access         go to state 50
    access_modifier       go to state 142
    data_type             go to state 52


State 88

   45 statement: switch_statement none_or_newlines • statement

    CONST         shift, and go to state 1
    ID            shift, and go to state 2
    CLASS_ID      shift, and go to state 3
    DOUBLE_CONST  shift, and go to state 4
    PUBLIC        shift, and go to state 6
    PRIVATE       shift, and go to state 7
    INTEGER       shift, and go to state 8
    CHAR          shift, and go to state 9
    DOUBLE        shift, and go to state 10
    BOOLEAN       shift, and go to state 11
    STRING        shift, and go to state 12
    VOID          shift, and go to state 13
    RETURN        shift, and go to state 14
    IF            shift, and go to state 15
    SWITCH        shift, and go to state 16
    DO            shift, and go to state 17
    FOR           shift, and go to state 18
    BREAK         shift, and go to state 19
    PRINT         shift, and go to state 20
    DQ_STRING_DQ  shift, and go to state 21
    ADD           shift, and go to state 22
    SUB           shift, and go to state 23
    LP            shift, and go to state 24
    NOT           shift, and go to state 25

    CONST         [reduce using rule 40 (statement)]
    ID            [reduce using rule 40 (statement)]
    ID            [reduce using rule 137 (data_type)]
    CLASS_ID      [reduce using rule 40 (statement)]
    DOUBLE_CONST  [reduce using rule 40 (statement)]
    PUBLIC        [reduce using rule 40 (statement)]
    PRIVATE       [reduce using rule 40 (statement)]
    INTEGER       [reduce using rule 40 (statement)]
    CHAR          [reduce using rule 40 (statement)]
    DOUBLE        [reduce using rule 40 (statement)]
    BOOLEAN       [reduce using rule 40 (statement)]
    STRING        [reduce using rule 40 (statement)]
    VOID          [reduce using rule 40 (statement)]
    RETURN        [reduce using rule 40 (statement)]
    IF            [reduce using rule 40 (statement)]
    SWITCH        [reduce using rule 40 (statement)]
    DO            [reduce using rule 40 (statement)]
    FOR           [reduce using rule 40 (statement)]
    BREAK         [reduce using rule 40 (statement)]
    PRINT         [reduce using rule 40 (statement)]
    DQ_STRING_DQ  [reduce using rule 40 (statement)]
    ADD           [reduce using rule 40 (statement)]
    SUB           [reduce using rule 40 (statement)]
    LP            [reduce using rule 40 (statement)]
    NOT           [reduce using rule 40 (statement)]
    $default      reduce using rule 40 (statement)

    assignment_list       go to state 28
    variable_declaration  go to state 29
    variable_reference    go to state 30
    method_declaration    go to state 31
    statement             go to state 148
    method_call           go to state 33
    if_statement          go to state 34
    do_while_statement    go to state 35
    for_statement         go to state 36
    switch_statement      go to state 37
    return_statement      go to state 38
    break_statement       go to state 39
    print_statement       go to state 40
    exp                   go to state 41
    factor                go to state 42
    term                  go to state 43
    relational_exp        go to state 44
    relational_factor     go to state 45
    logical_term          go to state 46
    unary                 go to state 47
    primary               go to state 48
    object_creation       go to state 49
    member_access         go to state 50
    access_modifier       go to state 142
    data_type             go to state 52


State 89

   46 statement: return_statement none_or_newlines • statement

    CONST         shift, and go to state 1
    ID            shift, and go to state 2
    CLASS_ID      shift, and go to state 3
    DOUBLE_CONST  shift, and go to state 4
    PUBLIC        shift, and go to state 6
    PRIVATE       shift, and go to state 7
    INTEGER       shift, and go to state 8
    CHAR          shift, and go to state 9
    DOUBLE        shift, and go to state 10
    BOOLEAN       shift, and go to state 11
    STRING        shift, and go to state 12
    VOID          shift, and go to state 13
    RETURN        shift, and go to state 14
    IF            shift, and go to state 15
    SWITCH        shift, and go to state 16
    DO            shift, and go to state 17
    FOR           shift, and go to state 18
    BREAK         shift, and go to state 19
    PRINT         shift, and go to state 20
    DQ_STRING_DQ  shift, and go to state 21
    ADD           shift, and go to state 22
    SUB           shift, and go to state 23
    LP            shift, and go to state 24
    NOT           shift, and go to state 25

    CONST         [reduce using rule 40 (statement)]
    ID            [reduce using rule 40 (statement)]
    ID            [reduce using rule 137 (data_type)]
    CLASS_ID      [reduce using rule 40 (statement)]
    DOUBLE_CONST  [reduce using rule 40 (statement)]
    PUBLIC        [reduce using rule 40 (statement)]
    PRIVATE       [reduce using rule 40 (statement)]
    INTEGER       [reduce using rule 40 (statement)]
    CHAR          [reduce using rule 40 (statement)]
    DOUBLE        [reduce using rule 40 (statement)]
    BOOLEAN       [reduce using rule 40 (statement)]
    STRING        [reduce using rule 40 (statement)]
    VOID          [reduce using rule 40 (statement)]
    RETURN        [reduce using rule 40 (statement)]
    IF            [reduce using rule 40 (statement)]
    SWITCH        [reduce using rule 40 (statement)]
    DO            [reduce using rule 40 (statement)]
    FOR           [reduce using rule 40 (statement)]
    BREAK         [reduce using rule 40 (statement)]
    PRINT         [reduce using rule 40 (statement)]
    DQ_STRING_DQ  [reduce using rule 40 (statement)]
    ADD           [reduce using rule 40 (statement)]
    SUB           [reduce using rule 40 (statement)]
    LP            [reduce using rule 40 (statement)]
    NOT           [reduce using rule 40 (statement)]
    $default      reduce using rule 40 (statement)

    assignment_list       go to state 28
    variable_declaration  go to state 29
    variable_reference    go to state 30
    method_declaration    go to state 31
    statement             go to state 149
    method_call           go to state 33
    if_statement          go to state 34
    do_while_statement    go to state 35
    for_statement         go to state 36
    switch_statement      go to state 37
    return_statement      go to state 38
    break_statement       go to state 39
    print_statement       go to state 40
    exp                   go to state 41
    factor                go to state 42
    term                  go to state 43
    relational_exp        go to state 44
    relational_factor     go to state 45
    logical_term          go to state 46
    unary                 go to state 47
    primary               go to state 48
    object_creation       go to state 49
    member_access         go to state 50
    access_modifier       go to state 142
    data_type             go to state 52


State 90

   47 statement: break_statement none_or_newlines • statement

    CONST         shift, and go to state 1
    ID            shift, and go to state 2
    CLASS_ID      shift, and go to state 3
    DOUBLE_CONST  shift, and go to state 4
    PUBLIC        shift, and go to state 6
    PRIVATE       shift, and go to state 7
    INTEGER       shift, and go to state 8
    CHAR          shift, and go to state 9
    DOUBLE        shift, and go to state 10
    BOOLEAN       shift, and go to state 11
    STRING        shift, and go to state 12
    VOID          shift, and go to state 13
    RETURN        shift, and go to state 14
    IF            shift, and go to state 15
    SWITCH        shift, and go to state 16
    DO            shift, and go to state 17
    FOR           shift, and go to state 18
    BREAK         shift, and go to state 19
    PRINT         shift, and go to state 20
    DQ_STRING_DQ  shift, and go to state 21
    ADD           shift, and go to state 22
    SUB           shift, and go to state 23
    LP            shift, and go to state 24
    NOT           shift, and go to state 25

    CONST         [reduce using rule 40 (statement)]
    ID            [reduce using rule 40 (statement)]
    ID            [reduce using rule 137 (data_type)]
    CLASS_ID      [reduce using rule 40 (statement)]
    DOUBLE_CONST  [reduce using rule 40 (statement)]
    PUBLIC        [reduce using rule 40 (statement)]
    PRIVATE       [reduce using rule 40 (statement)]
    INTEGER       [reduce using rule 40 (statement)]
    CHAR          [reduce using rule 40 (statement)]
    DOUBLE        [reduce using rule 40 (statement)]
    BOOLEAN       [reduce using rule 40 (statement)]
    STRING        [reduce using rule 40 (statement)]
    VOID          [reduce using rule 40 (statement)]
    RETURN        [reduce using rule 40 (statement)]
    IF            [reduce using rule 40 (statement)]
    SWITCH        [reduce using rule 40 (statement)]
    DO            [reduce using rule 40 (statement)]
    FOR           [reduce using rule 40 (statement)]
    BREAK         [reduce using rule 40 (statement)]
    PRINT         [reduce using rule 40 (statement)]
    DQ_STRING_DQ  [reduce using rule 40 (statement)]
    ADD           [reduce using rule 40 (statement)]
    SUB           [reduce using rule 40 (statement)]
    LP            [reduce using rule 40 (statement)]
    NOT           [reduce using rule 40 (statement)]
    $default      reduce using rule 40 (statement)

    assignment_list       go to state 28
    variable_declaration  go to state 29
    variable_reference    go to state 30
    method_declaration    go to state 31
    statement             go to state 150
    method_call           go to state 33
    if_statement          go to state 34
    do_while_statement    go to state 35
    for_statement         go to state 36
    switch_statement      go to state 37
    return_statement      go to state 38
    break_statement       go to state 39
    print_statement       go to state 40
    exp                   go to state 41
    factor                go to state 42
    term                  go to state 43
    relational_exp        go to state 44
    relational_factor     go to state 45
    logical_term          go to state 46
    unary                 go to state 47
    primary               go to state 48
    object_creation       go to state 49
    member_access         go to state 50
    access_modifier       go to state 142
    data_type             go to state 52


State 91

   48 statement: print_statement none_or_newlines • statement

    CONST         shift, and go to state 1
    ID            shift, and go to state 2
    CLASS_ID      shift, and go to state 3
    DOUBLE_CONST  shift, and go to state 4
    PUBLIC        shift, and go to state 6
    PRIVATE       shift, and go to state 7
    INTEGER       shift, and go to state 8
    CHAR          shift, and go to state 9
    DOUBLE        shift, and go to state 10
    BOOLEAN       shift, and go to state 11
    STRING        shift, and go to state 12
    VOID          shift, and go to state 13
    RETURN        shift, and go to state 14
    IF            shift, and go to state 15
    SWITCH        shift, and go to state 16
    DO            shift, and go to state 17
    FOR           shift, and go to state 18
    BREAK         shift, and go to state 19
    PRINT         shift, and go to state 20
    DQ_STRING_DQ  shift, and go to state 21
    ADD           shift, and go to state 22
    SUB           shift, and go to state 23
    LP            shift, and go to state 24
    NOT           shift, and go to state 25

    CONST         [reduce using rule 40 (statement)]
    ID            [reduce using rule 40 (statement)]
    ID            [reduce using rule 137 (data_type)]
    CLASS_ID      [reduce using rule 40 (statement)]
    DOUBLE_CONST  [reduce using rule 40 (statement)]
    PUBLIC        [reduce using rule 40 (statement)]
    PRIVATE       [reduce using rule 40 (statement)]
    INTEGER       [reduce using rule 40 (statement)]
    CHAR          [reduce using rule 40 (statement)]
    DOUBLE        [reduce using rule 40 (statement)]
    BOOLEAN       [reduce using rule 40 (statement)]
    STRING        [reduce using rule 40 (statement)]
    VOID          [reduce using rule 40 (statement)]
    RETURN        [reduce using rule 40 (statement)]
    IF            [reduce using rule 40 (statement)]
    SWITCH        [reduce using rule 40 (statement)]
    DO            [reduce using rule 40 (statement)]
    FOR           [reduce using rule 40 (statement)]
    BREAK         [reduce using rule 40 (statement)]
    PRINT         [reduce using rule 40 (statement)]
    DQ_STRING_DQ  [reduce using rule 40 (statement)]
    ADD           [reduce using rule 40 (statement)]
    SUB           [reduce using rule 40 (statement)]
    LP            [reduce using rule 40 (statement)]
    NOT           [reduce using rule 40 (statement)]
    $default      reduce using rule 40 (statement)

    assignment_list       go to state 28
    variable_declaration  go to state 29
    variable_reference    go to state 30
    method_declaration    go to state 31
    statement             go to state 151
    method_call           go to state 33
    if_statement          go to state 34
    do_while_statement    go to state 35
    for_statement         go to state 36
    switch_statement      go to state 37
    return_statement      go to state 38
    break_statement       go to state 39
    print_statement       go to state 40
    exp                   go to state 41
    factor                go to state 42
    term                  go to state 43
    relational_exp        go to state 44
    relational_factor     go to state 45
    logical_term          go to state 46
    unary                 go to state 47
    primary               go to state 48
    object_creation       go to state 49
    member_access         go to state 50
    access_modifier       go to state 142
    data_type             go to state 52


State 92

   49 statement: exp SEMICOLON • none_or_newlines statement

    NEWLINE  shift, and go to state 78

    NEWLINE   [reduce using rule 144 (none_or_newlines)]
    $default  reduce using rule 144 (none_or_newlines)

    none_or_newlines  go to state 152


State 93

  102 exp: exp ADD • factor

    CONST         shift, and go to state 1
    ID            shift, and go to state 70
    DOUBLE_CONST  shift, and go to state 4
    ADD           shift, and go to state 22
    SUB           shift, and go to state 23
    LP            shift, and go to state 24

    variable_reference  go to state 71
    factor              go to state 153
    term                go to state 43
    unary               go to state 62
    primary             go to state 48


State 94

  103 exp: exp SUB • factor

    CONST         shift, and go to state 1
    ID            shift, and go to state 70
    DOUBLE_CONST  shift, and go to state 4
    ADD           shift, and go to state 22
    SUB           shift, and go to state 23
    LP            shift, and go to state 24

    variable_reference  go to state 71
    factor              go to state 154
    term                go to state 43
    unary               go to state 62
    primary             go to state 48


State 95

  105 factor: factor MUL • term

    CONST         shift, and go to state 1
    ID            shift, and go to state 70
    DOUBLE_CONST  shift, and go to state 4
    ADD           shift, and go to state 22
    SUB           shift, and go to state 23
    LP            shift, and go to state 24

    variable_reference  go to state 71
    term                go to state 155
    unary               go to state 62
    primary             go to state 48


State 96

  106 factor: factor DIV • term

    CONST         shift, and go to state 1
    ID            shift, and go to state 70
    DOUBLE_CONST  shift, and go to state 4
    ADD           shift, and go to state 22
    SUB           shift, and go to state 23
    LP            shift, and go to state 24

    variable_reference  go to state 71
    term                go to state 156
    unary               go to state 62
    primary             go to state 48


State 97

  107 factor: factor MOD • term

    CONST         shift, and go to state 1
    ID            shift, and go to state 70
    DOUBLE_CONST  shift, and go to state 4
    ADD           shift, and go to state 22
    SUB           shift, and go to state 23
    LP            shift, and go to state 24

    variable_reference  go to state 71
    term                go to state 157
    unary               go to state 62
    primary             go to state 48


State 98

  109 term: term POW • unary

    CONST         shift, and go to state 1
    ID            shift, and go to state 70
    DOUBLE_CONST  shift, and go to state 4
    ADD           shift, and go to state 22
    SUB           shift, and go to state 23
    LP            shift, and go to state 24

    variable_reference  go to state 71
    unary               go to state 158
    primary             go to state 48


State 99

   50 statement: relational_exp SEMICOLON • none_or_newlines statement

    NEWLINE  shift, and go to state 78

    NEWLINE   [reduce using rule 144 (none_or_newlines)]
    $default  reduce using rule 144 (none_or_newlines)

    none_or_newlines  go to state 159


State 100

  111 relational_exp: relational_exp EQ • relational_factor

    CONST         shift, and go to state 1
    ID            shift, and go to state 70
    DOUBLE_CONST  shift, and go to state 4
    ADD           shift, and go to state 22
    SUB           shift, and go to state 23
    LP            shift, and go to state 24
    NOT           shift, and go to state 25

    variable_reference  go to state 71
    relational_factor   go to state 160
    logical_term        go to state 46
    unary               go to state 161
    primary             go to state 48


State 101

  112 relational_exp: relational_exp NEQ • relational_factor

    CONST         shift, and go to state 1
    ID            shift, and go to state 70
    DOUBLE_CONST  shift, and go to state 4
    ADD           shift, and go to state 22
    SUB           shift, and go to state 23
    LP            shift, and go to state 24
    NOT           shift, and go to state 25

    variable_reference  go to state 71
    relational_factor   go to state 162
    logical_term        go to state 46
    unary               go to state 161
    primary             go to state 48


State 102

  113 relational_exp: relational_exp LT • relational_factor

    CONST         shift, and go to state 1
    ID            shift, and go to state 70
    DOUBLE_CONST  shift, and go to state 4
    ADD           shift, and go to state 22
    SUB           shift, and go to state 23
    LP            shift, and go to state 24
    NOT           shift, and go to state 25

    variable_reference  go to state 71
    relational_factor   go to state 163
    logical_term        go to state 46
    unary               go to state 161
    primary             go to state 48


State 103

  114 relational_exp: relational_exp GT • relational_factor

    CONST         shift, and go to state 1
    ID            shift, and go to state 70
    DOUBLE_CONST  shift, and go to state 4
    ADD           shift, and go to state 22
    SUB           shift, and go to state 23
    LP            shift, and go to state 24
    NOT           shift, and go to state 25

    variable_reference  go to state 71
    relational_factor   go to state 164
    logical_term        go to state 46
    unary               go to state 161
    primary             go to state 48


State 104

  115 relational_exp: relational_exp LE • relational_factor

    CONST         shift, and go to state 1
    ID            shift, and go to state 70
    DOUBLE_CONST  shift, and go to state 4
    ADD           shift, and go to state 22
    SUB           shift, and go to state 23
    LP            shift, and go to state 24
    NOT           shift, and go to state 25

    variable_reference  go to state 71
    relational_factor   go to state 165
    logical_term        go to state 46
    unary               go to state 161
    primary             go to state 48


State 105

  116 relational_exp: relational_exp GE • relational_factor

    CONST         shift, and go to state 1
    ID            shift, and go to state 70
    DOUBLE_CONST  shift, and go to state 4
    ADD           shift, and go to state 22
    SUB           shift, and go to state 23
    LP            shift, and go to state 24
    NOT           shift, and go to state 25

    variable_reference  go to state 71
    relational_factor   go to state 166
    logical_term        go to state 46
    unary               go to state 161
    primary             go to state 48


State 106

  118 relational_factor: relational_factor AND • logical_term

    CONST         shift, and go to state 1
    ID            shift, and go to state 70
    DOUBLE_CONST  shift, and go to state 4
    ADD           shift, and go to state 22
    SUB           shift, and go to state 23
    LP            shift, and go to state 24
    NOT           shift, and go to state 25

    variable_reference  go to state 71
    logical_term        go to state 167
    unary               go to state 161
    primary             go to state 48


State 107

  119 relational_factor: relational_factor OR • logical_term

    CONST         shift, and go to state 1
    ID            shift, and go to state 70
    DOUBLE_CONST  shift, and go to state 4
    ADD           shift, and go to state 22
    SUB           shift, and go to state 23
    LP            shift, and go to state 24
    NOT           shift, and go to state 25

    variable_reference  go to state 71
    logical_term        go to state 168
    unary               go to state 161
    primary             go to state 48


State 108

   54 statement: object_creation none_or_newlines • statement

    CONST         shift, and go to state 1
    ID            shift, and go to state 2
    CLASS_ID      shift, and go to state 3
    DOUBLE_CONST  shift, and go to state 4
    PUBLIC        shift, and go to state 6
    PRIVATE       shift, and go to state 7
    INTEGER       shift, and go to state 8
    CHAR          shift, and go to state 9
    DOUBLE        shift, and go to state 10
    BOOLEAN       shift, and go to state 11
    STRING        shift, and go to state 12
    VOID          shift, and go to state 13
    RETURN        shift, and go to state 14
    IF            shift, and go to state 15
    SWITCH        shift, and go to state 16
    DO            shift, and go to state 17
    FOR           shift, and go to state 18
    BREAK         shift, and go to state 19
    PRINT         shift, and go to state 20
    DQ_STRING_DQ  shift, and go to state 21
    ADD           shift, and go to state 22
    SUB           shift, and go to state 23
    LP            shift, and go to state 24
    NOT           shift, and go to state 25

    CONST         [reduce using rule 40 (statement)]
    ID            [reduce using rule 40 (statement)]
    ID            [reduce using rule 137 (data_type)]
    CLASS_ID      [reduce using rule 40 (statement)]
    DOUBLE_CONST  [reduce using rule 40 (statement)]
    PUBLIC        [reduce using rule 40 (statement)]
    PRIVATE       [reduce using rule 40 (statement)]
    INTEGER       [reduce using rule 40 (statement)]
    CHAR          [reduce using rule 40 (statement)]
    DOUBLE        [reduce using rule 40 (statement)]
    BOOLEAN       [reduce using rule 40 (statement)]
    STRING        [reduce using rule 40 (statement)]
    VOID          [reduce using rule 40 (statement)]
    RETURN        [reduce using rule 40 (statement)]
    IF            [reduce using rule 40 (statement)]
    SWITCH        [reduce using rule 40 (statement)]
    DO            [reduce using rule 40 (statement)]
    FOR           [reduce using rule 40 (statement)]
    BREAK         [reduce using rule 40 (statement)]
    PRINT         [reduce using rule 40 (statement)]
    DQ_STRING_DQ  [reduce using rule 40 (statement)]
    ADD           [reduce using rule 40 (statement)]
    SUB           [reduce using rule 40 (statement)]
    LP            [reduce using rule 40 (statement)]
    NOT           [reduce using rule 40 (statement)]
    $default      reduce using rule 40 (statement)

    assignment_list       go to state 28
    variable_declaration  go to state 29
    variable_reference    go to state 30
    method_declaration    go to state 31
    statement             go to state 169
    method_call           go to state 33
    if_statement          go to state 34
    do_while_statement    go to state 35
    for_statement         go to state 36
    switch_statement      go to state 37
    return_statement      go to state 38
    break_statement       go to state 39
    print_statement       go to state 40
    exp                   go to state 41
    factor                go to state 42
    term                  go to state 43
    relational_exp        go to state 44
    relational_factor     go to state 45
    logical_term          go to state 46
    unary                 go to state 47
    primary               go to state 48
    object_creation       go to state 49
    member_access         go to state 50
    access_modifier       go to state 142
    data_type             go to state 52


State 109

   56 statement: member_access none_or_newlines • statement

    CONST         shift, and go to state 1
    ID            shift, and go to state 2
    CLASS_ID      shift, and go to state 3
    DOUBLE_CONST  shift, and go to state 4
    PUBLIC        shift, and go to state 6
    PRIVATE       shift, and go to state 7
    INTEGER       shift, and go to state 8
    CHAR          shift, and go to state 9
    DOUBLE        shift, and go to state 10
    BOOLEAN       shift, and go to state 11
    STRING        shift, and go to state 12
    VOID          shift, and go to state 13
    RETURN        shift, and go to state 14
    IF            shift, and go to state 15
    SWITCH        shift, and go to state 16
    DO            shift, and go to state 17
    FOR           shift, and go to state 18
    BREAK         shift, and go to state 19
    PRINT         shift, and go to state 20
    DQ_STRING_DQ  shift, and go to state 21
    ADD           shift, and go to state 22
    SUB           shift, and go to state 23
    LP            shift, and go to state 24
    NOT           shift, and go to state 25

    CONST         [reduce using rule 40 (statement)]
    ID            [reduce using rule 40 (statement)]
    ID            [reduce using rule 137 (data_type)]
    CLASS_ID      [reduce using rule 40 (statement)]
    DOUBLE_CONST  [reduce using rule 40 (statement)]
    PUBLIC        [reduce using rule 40 (statement)]
    PRIVATE       [reduce using rule 40 (statement)]
    INTEGER       [reduce using rule 40 (statement)]
    CHAR          [reduce using rule 40 (statement)]
    DOUBLE        [reduce using rule 40 (statement)]
    BOOLEAN       [reduce using rule 40 (statement)]
    STRING        [reduce using rule 40 (statement)]
    VOID          [reduce using rule 40 (statement)]
    RETURN        [reduce using rule 40 (statement)]
    IF            [reduce using rule 40 (statement)]
    SWITCH        [reduce using rule 40 (statement)]
    DO            [reduce using rule 40 (statement)]
    FOR           [reduce using rule 40 (statement)]
    BREAK         [reduce using rule 40 (statement)]
    PRINT         [reduce using rule 40 (statement)]
    DQ_STRING_DQ  [reduce using rule 40 (statement)]
    ADD           [reduce using rule 40 (statement)]
    SUB           [reduce using rule 40 (statement)]
    LP            [reduce using rule 40 (statement)]
    NOT           [reduce using rule 40 (statement)]
    $default      reduce using rule 40 (statement)

    assignment_list       go to state 28
    variable_declaration  go to state 29
    variable_reference    go to state 30
    method_declaration    go to state 31
    statement             go to state 170
    method_call           go to state 33
    if_statement          go to state 34
    do_while_statement    go to state 35
    for_statement         go to state 36
    switch_statement      go to state 37
    return_statement      go to state 38
    break_statement       go to state 39
    print_statement       go to state 40
    exp                   go to state 41
    factor                go to state 42
    term                  go to state 43
    relational_exp        go to state 44
    relational_factor     go to state 45
    logical_term          go to state 46
    unary                 go to state 47
    primary               go to state 48
    object_creation       go to state 49
    member_access         go to state 50
    access_modifier       go to state 142
    data_type             go to state 52


State 110

    5 class_declaration: access_modifier CLASS • CLASS_ID LCB $@1 none_or_newlines class_body none_or_newlines RCB

    CLASS_ID  shift, and go to state 171


State 111

   24 variable_declaration: access_modifier data_type • identifier_list
   25                     | access_modifier data_type • assignment_list
   30 method_declaration: access_modifier data_type • ID LP none_or_newlines none_or_multiple_parameters none_or_newlines RP LCB $@3 none_or_newlines method_body none_or_newlines RCB

    ID  shift, and go to state 172

    identifier_list  go to state 173
    assignment_list  go to state 174


State 112

   11 identifier_list: ID •
   12                | ID • COMMA identifier_list
   13 assignment_list: ID • ASSIGN exp
   14                | ID • ASSIGN exp COMMA assignment_list
   15                | ID • ASSIGN DQ_STRING_DQ
   16                | ID • ASSIGN DQ_STRING_DQ COMMA assignment_list
   17                | ID • ASSIGN variable_reference
   18                | ID • ASSIGN variable_reference COMMA assignment_list
   19                | ID • ASSIGN method_call
   20                | ID • ASSIGN method_call COMMA assignment_list
   21                | ID • ASSIGN object_creation
   22                | ID • ASSIGN object_creation COMMA assignment_list
   32 method_declaration: data_type ID • LP none_or_newlines none_or_multiple_parameters none_or_newlines RP LCB $@4 none_or_newlines method_body none_or_newlines RCB

    COMMA   shift, and go to state 175
    LP      shift, and go to state 176
    ASSIGN  shift, and go to state 55

    $default  reduce using rule 11 (identifier_list)


State 113

   23 variable_declaration: data_type identifier_list •

    $default  reduce using rule 23 (variable_declaration)


State 114

   26 variable_declaration: data_type assignment_list •

    $default  reduce using rule 26 (variable_declaration)


State 115

   59 method_call: ID • LP none_or_newlines none_or_multiple_arguments none_or_newlines RP SEMICOLON
  133 member_access_body: ID • SEMICOLON

    SEMICOLON  shift, and go to state 177
    LP         shift, and go to state 54


State 116

  134 member_access_body: method_call •

    $default  reduce using rule 134 (member_access_body)


State 117

  132 member_access: ID DOT member_access_body • $@5 none_or_newlines

    $default  reduce using rule 131 ($@5)

    $@5  go to state 178


State 118

   59 method_call: ID LP none_or_newlines • none_or_multiple_arguments none_or_newlines RP SEMICOLON

    ID       shift, and go to state 70
    INTEGER  shift, and go to state 8
    CHAR     shift, and go to state 9
    DOUBLE   shift, and go to state 10
    BOOLEAN  shift, and go to state 11
    STRING   shift, and go to state 12
    VOID     shift, and go to state 13

    ID        [reduce using rule 137 (data_type)]
    $default  reduce using rule 60 (none_or_multiple_arguments)

    variable_reference          go to state 179
    parameter                   go to state 180
    none_or_multiple_arguments  go to state 181
    data_type                   go to state 182


State 119

   15 assignment_list: ID ASSIGN DQ_STRING_DQ •
   16                | ID ASSIGN DQ_STRING_DQ • COMMA assignment_list

    COMMA  shift, and go to state 183

    $default  reduce using rule 15 (assignment_list)


State 120

   17 assignment_list: ID ASSIGN variable_reference •
   18                | ID ASSIGN variable_reference • COMMA assignment_list
  127 primary: variable_reference •

    COMMA  shift, and go to state 184

    SEMICOLON  reduce using rule 17 (assignment_list)
    SEMICOLON  [reduce using rule 127 (primary)]
    COMMA      [reduce using rule 127 (primary)]
    $default   reduce using rule 127 (primary)


State 121

   19 assignment_list: ID ASSIGN method_call •
   20                | ID ASSIGN method_call • COMMA assignment_list

    COMMA  shift, and go to state 185

    $default  reduce using rule 19 (assignment_list)


State 122

   13 assignment_list: ID ASSIGN exp •
   14                | ID ASSIGN exp • COMMA assignment_list
  102 exp: exp • ADD factor
  103    | exp • SUB factor

    COMMA  shift, and go to state 186
    ADD    shift, and go to state 93
    SUB    shift, and go to state 94

    $default  reduce using rule 13 (assignment_list)


State 123

   21 assignment_list: ID ASSIGN object_creation •
   22                | ID ASSIGN object_creation • COMMA assignment_list

    COMMA  shift, and go to state 187

    $default  reduce using rule 21 (assignment_list)


State 124

  130 object_creation: CLASS_ID ID ASSIGN • NEW CLASS_ID LP RP SEMICOLON

    NEW  shift, and go to state 188


State 125

    7 class_declaration: CLASS CLASS_ID LCB • $@2 none_or_newlines class_body none_or_newlines RCB

    $default  reduce using rule 6 ($@2)

    $@2  go to state 189


State 126

   95 return_statement: RETURN variable_reference SEMICOLON •

    $default  reduce using rule 95 (return_statement)


State 127

   96 return_statement: RETURN method_call SEMICOLON •

    $default  reduce using rule 96 (return_statement)


State 128

   94 return_statement: RETURN exp SEMICOLON •

    $default  reduce using rule 94 (return_statement)


State 129

   66 if_statement: IF LP none_or_newlines • exp none_or_newlines RP LCB none_or_newlines statement none_or_newlines RCB none_or_newlines none_or_multiple_elif none_or_newlines none_or_one_else
   67             | IF LP none_or_newlines • relational_exp none_or_newlines RP LCB none_or_newlines statement none_or_newlines RCB none_or_newlines none_or_multiple_elif none_or_newlines none_or_one_else
   68             | IF LP none_or_newlines • variable_reference none_or_newlines RP LCB none_or_newlines statement none_or_newlines RCB none_or_newlines none_or_multiple_elif none_or_newlines none_or_one_else
   69             | IF LP none_or_newlines • method_call none_or_newlines RP LCB none_or_newlines statement none_or_newlines RCB none_or_newlines none_or_multiple_elif none_or_newlines none_or_one_else

    CONST         shift, and go to state 1
    ID            shift, and go to state 58
    DOUBLE_CONST  shift, and go to state 4
    ADD           shift, and go to state 22
    SUB           shift, and go to state 23
    LP            shift, and go to state 24
    NOT           shift, and go to state 25

    variable_reference  go to state 190
    method_call         go to state 191
    exp                 go to state 192
    factor              go to state 42
    term                go to state 43
    relational_exp      go to state 193
    relational_factor   go to state 45
    logical_term        go to state 46
    unary               go to state 47
    primary             go to state 48


State 130

   84 switch_statement: SWITCH LP none_or_newlines • exp none_or_newlines RP LCB none_or_newlines one_or_more_cases none_or_newlines default_case none_or_newlines RCB
   85                 | SWITCH LP none_or_newlines • SQ_ANYCHAR_SQ none_or_newlines RP LCB none_or_newlines one_or_more_cases none_or_newlines default_case none_or_newlines RCB

    CONST          shift, and go to state 1
    ID             shift, and go to state 70
    DOUBLE_CONST   shift, and go to state 4
    SQ_ANYCHAR_SQ  shift, and go to state 194
    ADD            shift, and go to state 22
    SUB            shift, and go to state 23
    LP             shift, and go to state 24

    variable_reference  go to state 71
    exp                 go to state 195
    factor              go to state 42
    term                go to state 43
    unary               go to state 62
    primary             go to state 48


State 131

   77 do_while_statement: DO LCB none_or_newlines • statement none_or_newlines RCB WHILE LP none_or_newlines relational_exp none_or_newlines RP SEMICOLON
   78                   | DO LCB none_or_newlines • statement none_or_newlines RCB WHILE LP none_or_newlines variable_reference none_or_newlines RP SEMICOLON

    CONST         shift, and go to state 1
    ID            shift, and go to state 2
    CLASS_ID      shift, and go to state 3
    DOUBLE_CONST  shift, and go to state 4
    PUBLIC        shift, and go to state 6
    PRIVATE       shift, and go to state 7
    INTEGER       shift, and go to state 8
    CHAR          shift, and go to state 9
    DOUBLE        shift, and go to state 10
    BOOLEAN       shift, and go to state 11
    STRING        shift, and go to state 12
    VOID          shift, and go to state 13
    RETURN        shift, and go to state 14
    IF            shift, and go to state 15
    SWITCH        shift, and go to state 16
    DO            shift, and go to state 17
    FOR           shift, and go to state 18
    BREAK         shift, and go to state 19
    PRINT         shift, and go to state 20
    DQ_STRING_DQ  shift, and go to state 21
    ADD           shift, and go to state 22
    SUB           shift, and go to state 23
    LP            shift, and go to state 24
    NOT           shift, and go to state 25

    ID        [reduce using rule 137 (data_type)]
    $default  reduce using rule 40 (statement)

    assignment_list       go to state 28
    variable_declaration  go to state 29
    variable_reference    go to state 30
    method_declaration    go to state 31
    statement             go to state 196
    method_call           go to state 33
    if_statement          go to state 34
    do_while_statement    go to state 35
    for_statement         go to state 36
    switch_statement      go to state 37
    return_statement      go to state 38
    break_statement       go to state 39
    print_statement       go to state 40
    exp                   go to state 41
    factor                go to state 42
    term                  go to state 43
    relational_exp        go to state 44
    relational_factor     go to state 45
    logical_term          go to state 46
    unary                 go to state 47
    primary               go to state 48
    object_creation       go to state 49
    member_access         go to state 50
    access_modifier       go to state 142
    data_type             go to state 52


State 132

   79 for_statement: FOR LP none_or_newlines • first_and_third_loop_statement SEMICOLON none_or_newlines second_loop_statement SEMICOLON none_or_newlines first_and_third_loop_statement none_or_newlines RP LCB none_or_newlines statement none_or_newlines RCB

    INTEGER  shift, and go to state 8
    CHAR     shift, and go to state 9
    DOUBLE   shift, and go to state 10
    BOOLEAN  shift, and go to state 11
    STRING   shift, and go to state 12
    VOID     shift, and go to state 13

    ID        reduce using rule 137 (data_type)
    $default  reduce using rule 80 (first_and_third_loop_statement)

    assignment_statement            go to state 197
    first_and_third_loop_statement  go to state 198
    data_type                       go to state 199


State 133

   98 print_statement: PRINT LP DQ_STRING_DQ • single_or_multiple_variables RP SEMICOLON

    COMMA  shift, and go to state 200

    $default  reduce using rule 99 (single_or_multiple_variables)

    single_or_multiple_variables  go to state 201


State 134

   51 statement: DQ_STRING_DQ SEMICOLON none_or_newlines • statement

    CONST         shift, and go to state 1
    ID            shift, and go to state 2
    CLASS_ID      shift, and go to state 3
    DOUBLE_CONST  shift, and go to state 4
    PUBLIC        shift, and go to state 6
    PRIVATE       shift, and go to state 7
    INTEGER       shift, and go to state 8
    CHAR          shift, and go to state 9
    DOUBLE        shift, and go to state 10
    BOOLEAN       shift, and go to state 11
    STRING        shift, and go to state 12
    VOID          shift, and go to state 13
    RETURN        shift, and go to state 14
    IF            shift, and go to state 15
    SWITCH        shift, and go to state 16
    DO            shift, and go to state 17
    FOR           shift, and go to state 18
    BREAK         shift, and go to state 19
    PRINT         shift, and go to state 20
    DQ_STRING_DQ  shift, and go to state 21
    ADD           shift, and go to state 22
    SUB           shift, and go to state 23
    LP            shift, and go to state 24
    NOT           shift, and go to state 25

    CONST         [reduce using rule 40 (statement)]
    ID            [reduce using rule 40 (statement)]
    ID            [reduce using rule 137 (data_type)]
    CLASS_ID      [reduce using rule 40 (statement)]
    DOUBLE_CONST  [reduce using rule 40 (statement)]
    PUBLIC        [reduce using rule 40 (statement)]
    PRIVATE       [reduce using rule 40 (statement)]
    INTEGER       [reduce using rule 40 (statement)]
    CHAR          [reduce using rule 40 (statement)]
    DOUBLE        [reduce using rule 40 (statement)]
    BOOLEAN       [reduce using rule 40 (statement)]
    STRING        [reduce using rule 40 (statement)]
    VOID          [reduce using rule 40 (statement)]
    RETURN        [reduce using rule 40 (statement)]
    IF            [reduce using rule 40 (statement)]
    SWITCH        [reduce using rule 40 (statement)]
    DO            [reduce using rule 40 (statement)]
    FOR           [reduce using rule 40 (statement)]
    BREAK         [reduce using rule 40 (statement)]
    PRINT         [reduce using rule 40 (statement)]
    DQ_STRING_DQ  [reduce using rule 40 (statement)]
    ADD           [reduce using rule 40 (statement)]
    SUB           [reduce using rule 40 (statement)]
    LP            [reduce using rule 40 (statement)]
    NOT           [reduce using rule 40 (statement)]
    $default      reduce using rule 40 (statement)

    assignment_list       go to state 28
    variable_declaration  go to state 29
    variable_reference    go to state 30
    method_declaration    go to state 31
    statement             go to state 202
    method_call           go to state 33
    if_statement          go to state 34
    do_while_statement    go to state 35
    for_statement         go to state 36
    switch_statement      go to state 37
    return_statement      go to state 38
    break_statement       go to state 39
    print_statement       go to state 40
    exp                   go to state 41
    factor                go to state 42
    term                  go to state 43
    relational_exp        go to state 44
    relational_factor     go to state 45
    logical_term          go to state 46
    unary                 go to state 47
    primary               go to state 48
    object_creation       go to state 49
    member_access         go to state 50
    access_modifier       go to state 142
    data_type             go to state 52


State 135

  128 primary: LP exp RP •

    $default  reduce using rule 128 (primary)


State 136

  129 primary: LP relational_exp RP •

    $default  reduce using rule 129 (primary)


State 137

  145 none_or_newlines: NEWLINE none_or_newlines •

    $default  reduce using rule 145 (none_or_newlines)


State 138

    2 program: class_declaration none_or_newlines program •

    $default  reduce using rule 2 (program)


State 139

   52 statement: variable_declaration SEMICOLON none_or_newlines • statement

    CONST         shift, and go to state 1
    ID            shift, and go to state 2
    CLASS_ID      shift, and go to state 3
    DOUBLE_CONST  shift, and go to state 4
    PUBLIC        shift, and go to state 6
    PRIVATE       shift, and go to state 7
    INTEGER       shift, and go to state 8
    CHAR          shift, and go to state 9
    DOUBLE        shift, and go to state 10
    BOOLEAN       shift, and go to state 11
    STRING        shift, and go to state 12
    VOID          shift, and go to state 13
    RETURN        shift, and go to state 14
    IF            shift, and go to state 15
    SWITCH        shift, and go to state 16
    DO            shift, and go to state 17
    FOR           shift, and go to state 18
    BREAK         shift, and go to state 19
    PRINT         shift, and go to state 20
    DQ_STRING_DQ  shift, and go to state 21
    ADD           shift, and go to state 22
    SUB           shift, and go to state 23
    LP            shift, and go to state 24
    NOT           shift, and go to state 25

    CONST         [reduce using rule 40 (statement)]
    ID            [reduce using rule 40 (statement)]
    ID            [reduce using rule 137 (data_type)]
    CLASS_ID      [reduce using rule 40 (statement)]
    DOUBLE_CONST  [reduce using rule 40 (statement)]
    PUBLIC        [reduce using rule 40 (statement)]
    PRIVATE       [reduce using rule 40 (statement)]
    INTEGER       [reduce using rule 40 (statement)]
    CHAR          [reduce using rule 40 (statement)]
    DOUBLE        [reduce using rule 40 (statement)]
    BOOLEAN       [reduce using rule 40 (statement)]
    STRING        [reduce using rule 40 (statement)]
    VOID          [reduce using rule 40 (statement)]
    RETURN        [reduce using rule 40 (statement)]
    IF            [reduce using rule 40 (statement)]
    SWITCH        [reduce using rule 40 (statement)]
    DO            [reduce using rule 40 (statement)]
    FOR           [reduce using rule 40 (statement)]
    BREAK         [reduce using rule 40 (statement)]
    PRINT         [reduce using rule 40 (statement)]
    DQ_STRING_DQ  [reduce using rule 40 (statement)]
    ADD           [reduce using rule 40 (statement)]
    SUB           [reduce using rule 40 (statement)]
    LP            [reduce using rule 40 (statement)]
    NOT           [reduce using rule 40 (statement)]
    $default      reduce using rule 40 (statement)

    assignment_list       go to state 28
    variable_declaration  go to state 29
    variable_reference    go to state 30
    method_declaration    go to state 31
    statement             go to state 203
    method_call           go to state 33
    if_statement          go to state 34
    do_while_statement    go to state 35
    for_statement         go to state 36
    switch_statement      go to state 37
    return_statement      go to state 38
    break_statement       go to state 39
    print_statement       go to state 40
    exp                   go to state 41
    factor                go to state 42
    term                  go to state 43
    relational_exp        go to state 44
    relational_factor     go to state 45
    logical_term          go to state 46
    unary                 go to state 47
    primary               go to state 48
    object_creation       go to state 49
    member_access         go to state 50
    access_modifier       go to state 142
    data_type             go to state 52


State 140

   55 statement: variable_reference SEMICOLON none_or_newlines • statement

    CONST         shift, and go to state 1
    ID            shift, and go to state 2
    CLASS_ID      shift, and go to state 3
    DOUBLE_CONST  shift, and go to state 4
    PUBLIC        shift, and go to state 6
    PRIVATE       shift, and go to state 7
    INTEGER       shift, and go to state 8
    CHAR          shift, and go to state 9
    DOUBLE        shift, and go to state 10
    BOOLEAN       shift, and go to state 11
    STRING        shift, and go to state 12
    VOID          shift, and go to state 13
    RETURN        shift, and go to state 14
    IF            shift, and go to state 15
    SWITCH        shift, and go to state 16
    DO            shift, and go to state 17
    FOR           shift, and go to state 18
    BREAK         shift, and go to state 19
    PRINT         shift, and go to state 20
    DQ_STRING_DQ  shift, and go to state 21
    ADD           shift, and go to state 22
    SUB           shift, and go to state 23
    LP            shift, and go to state 24
    NOT           shift, and go to state 25

    CONST         [reduce using rule 40 (statement)]
    ID            [reduce using rule 40 (statement)]
    ID            [reduce using rule 137 (data_type)]
    CLASS_ID      [reduce using rule 40 (statement)]
    DOUBLE_CONST  [reduce using rule 40 (statement)]
    PUBLIC        [reduce using rule 40 (statement)]
    PRIVATE       [reduce using rule 40 (statement)]
    INTEGER       [reduce using rule 40 (statement)]
    CHAR          [reduce using rule 40 (statement)]
    DOUBLE        [reduce using rule 40 (statement)]
    BOOLEAN       [reduce using rule 40 (statement)]
    STRING        [reduce using rule 40 (statement)]
    VOID          [reduce using rule 40 (statement)]
    RETURN        [reduce using rule 40 (statement)]
    IF            [reduce using rule 40 (statement)]
    SWITCH        [reduce using rule 40 (statement)]
    DO            [reduce using rule 40 (statement)]
    FOR           [reduce using rule 40 (statement)]
    BREAK         [reduce using rule 40 (statement)]
    PRINT         [reduce using rule 40 (statement)]
    DQ_STRING_DQ  [reduce using rule 40 (statement)]
    ADD           [reduce using rule 40 (statement)]
    SUB           [reduce using rule 40 (statement)]
    LP            [reduce using rule 40 (statement)]
    NOT           [reduce using rule 40 (statement)]
    $default      reduce using rule 40 (statement)

    assignment_list       go to state 28
    variable_declaration  go to state 29
    variable_reference    go to state 30
    method_declaration    go to state 31
    statement             go to state 204
    method_call           go to state 33
    if_statement          go to state 34
    do_while_statement    go to state 35
    for_statement         go to state 36
    switch_statement      go to state 37
    return_statement      go to state 38
    break_statement       go to state 39
    print_statement       go to state 40
    exp                   go to state 41
    factor                go to state 42
    term                  go to state 43
    relational_exp        go to state 44
    relational_factor     go to state 45
    logical_term          go to state 46
    unary                 go to state 47
    primary               go to state 48
    object_creation       go to state 49
    member_access         go to state 50
    access_modifier       go to state 142
    data_type             go to state 52


State 141

   53 statement: method_declaration none_or_newlines statement •

    $default  reduce using rule 53 (statement)


State 142

   24 variable_declaration: access_modifier • data_type identifier_list
   25                     | access_modifier • data_type assignment_list
   30 method_declaration: access_modifier • data_type ID LP none_or_newlines none_or_multiple_parameters none_or_newlines RP LCB $@3 none_or_newlines method_body none_or_newlines RCB

    INTEGER  shift, and go to state 8
    CHAR     shift, and go to state 9
    DOUBLE   shift, and go to state 10
    BOOLEAN  shift, and go to state 11
    STRING   shift, and go to state 12
    VOID     shift, and go to state 13

    $default  reduce using rule 137 (data_type)

    data_type  go to state 111


State 143

    3 program: statement none_or_newlines program •

    $default  reduce using rule 3 (program)


State 144

   41 statement: method_call none_or_newlines statement •

    $default  reduce using rule 41 (statement)


State 145

   42 statement: if_statement none_or_newlines statement •

    $default  reduce using rule 42 (statement)


State 146

   43 statement: do_while_statement none_or_newlines statement •

    $default  reduce using rule 43 (statement)


State 147

   44 statement: for_statement none_or_newlines statement •

    $default  reduce using rule 44 (statement)


State 148

   45 statement: switch_statement none_or_newlines statement •

    $default  reduce using rule 45 (statement)


State 149

   46 statement: return_statement none_or_newlines statement •

    $default  reduce using rule 46 (statement)


State 150

   47 statement: break_statement none_or_newlines statement •

    $default  reduce using rule 47 (statement)


State 151

   48 statement: print_statement none_or_newlines statement •

    $default  reduce using rule 48 (statement)


State 152

   49 statement: exp SEMICOLON none_or_newlines • statement

    CONST         shift, and go to state 1
    ID            shift, and go to state 2
    CLASS_ID      shift, and go to state 3
    DOUBLE_CONST  shift, and go to state 4
    PUBLIC        shift, and go to state 6
    PRIVATE       shift, and go to state 7
    INTEGER       shift, and go to state 8
    CHAR          shift, and go to state 9
    DOUBLE        shift, and go to state 10
    BOOLEAN       shift, and go to state 11
    STRING        shift, and go to state 12
    VOID          shift, and go to state 13
    RETURN        shift, and go to state 14
    IF            shift, and go to state 15
    SWITCH        shift, and go to state 16
    DO            shift, and go to state 17
    FOR           shift, and go to state 18
    BREAK         shift, and go to state 19
    PRINT         shift, and go to state 20
    DQ_STRING_DQ  shift, and go to state 21
    ADD           shift, and go to state 22
    SUB           shift, and go to state 23
    LP            shift, and go to state 24
    NOT           shift, and go to state 25

    CONST         [reduce using rule 40 (statement)]
    ID            [reduce using rule 40 (statement)]
    ID            [reduce using rule 137 (data_type)]
    CLASS_ID      [reduce using rule 40 (statement)]
    DOUBLE_CONST  [reduce using rule 40 (statement)]
    PUBLIC        [reduce using rule 40 (statement)]
    PRIVATE       [reduce using rule 40 (statement)]
    INTEGER       [reduce using rule 40 (statement)]
    CHAR          [reduce using rule 40 (statement)]
    DOUBLE        [reduce using rule 40 (statement)]
    BOOLEAN       [reduce using rule 40 (statement)]
    STRING        [reduce using rule 40 (statement)]
    VOID          [reduce using rule 40 (statement)]
    RETURN        [reduce using rule 40 (statement)]
    IF            [reduce using rule 40 (statement)]
    SWITCH        [reduce using rule 40 (statement)]
    DO            [reduce using rule 40 (statement)]
    FOR           [reduce using rule 40 (statement)]
    BREAK         [reduce using rule 40 (statement)]
    PRINT         [reduce using rule 40 (statement)]
    DQ_STRING_DQ  [reduce using rule 40 (statement)]
    ADD           [reduce using rule 40 (statement)]
    SUB           [reduce using rule 40 (statement)]
    LP            [reduce using rule 40 (statement)]
    NOT           [reduce using rule 40 (statement)]
    $default      reduce using rule 40 (statement)

    assignment_list       go to state 28
    variable_declaration  go to state 29
    variable_reference    go to state 30
    method_declaration    go to state 31
    statement             go to state 205
    method_call           go to state 33
    if_statement          go to state 34
    do_while_statement    go to state 35
    for_statement         go to state 36
    switch_statement      go to state 37
    return_statement      go to state 38
    break_statement       go to state 39
    print_statement       go to state 40
    exp                   go to state 41
    factor                go to state 42
    term                  go to state 43
    relational_exp        go to state 44
    relational_factor     go to state 45
    logical_term          go to state 46
    unary                 go to state 47
    primary               go to state 48
    object_creation       go to state 49
    member_access         go to state 50
    access_modifier       go to state 142
    data_type             go to state 52


State 153

  102 exp: exp ADD factor •
  105 factor: factor • MUL term
  106       | factor • DIV term
  107       | factor • MOD term

    MUL  shift, and go to state 95
    DIV  shift, and go to state 96
    MOD  shift, and go to state 97

    $default  reduce using rule 102 (exp)


State 154

  103 exp: exp SUB factor •
  105 factor: factor • MUL term
  106       | factor • DIV term
  107       | factor • MOD term

    MUL  shift, and go to state 95
    DIV  shift, and go to state 96
    MOD  shift, and go to state 97

    $default  reduce using rule 103 (exp)


State 155

  105 factor: factor MUL term •
  109 term: term • POW unary

    POW  shift, and go to state 98

    $default  reduce using rule 105 (factor)


State 156

  106 factor: factor DIV term •
  109 term: term • POW unary

    POW  shift, and go to state 98

    $default  reduce using rule 106 (factor)


State 157

  107 factor: factor MOD term •
  109 term: term • POW unary

    POW  shift, and go to state 98

    $default  reduce using rule 107 (factor)


State 158

  109 term: term POW unary •

    $default  reduce using rule 109 (term)


State 159

   50 statement: relational_exp SEMICOLON none_or_newlines • statement

    CONST         shift, and go to state 1
    ID            shift, and go to state 2
    CLASS_ID      shift, and go to state 3
    DOUBLE_CONST  shift, and go to state 4
    PUBLIC        shift, and go to state 6
    PRIVATE       shift, and go to state 7
    INTEGER       shift, and go to state 8
    CHAR          shift, and go to state 9
    DOUBLE        shift, and go to state 10
    BOOLEAN       shift, and go to state 11
    STRING        shift, and go to state 12
    VOID          shift, and go to state 13
    RETURN        shift, and go to state 14
    IF            shift, and go to state 15
    SWITCH        shift, and go to state 16
    DO            shift, and go to state 17
    FOR           shift, and go to state 18
    BREAK         shift, and go to state 19
    PRINT         shift, and go to state 20
    DQ_STRING_DQ  shift, and go to state 21
    ADD           shift, and go to state 22
    SUB           shift, and go to state 23
    LP            shift, and go to state 24
    NOT           shift, and go to state 25

    CONST         [reduce using rule 40 (statement)]
    ID            [reduce using rule 40 (statement)]
    ID            [reduce using rule 137 (data_type)]
    CLASS_ID      [reduce using rule 40 (statement)]
    DOUBLE_CONST  [reduce using rule 40 (statement)]
    PUBLIC        [reduce using rule 40 (statement)]
    PRIVATE       [reduce using rule 40 (statement)]
    INTEGER       [reduce using rule 40 (statement)]
    CHAR          [reduce using rule 40 (statement)]
    DOUBLE        [reduce using rule 40 (statement)]
    BOOLEAN       [reduce using rule 40 (statement)]
    STRING        [reduce using rule 40 (statement)]
    VOID          [reduce using rule 40 (statement)]
    RETURN        [reduce using rule 40 (statement)]
    IF            [reduce using rule 40 (statement)]
    SWITCH        [reduce using rule 40 (statement)]
    DO            [reduce using rule 40 (statement)]
    FOR           [reduce using rule 40 (statement)]
    BREAK         [reduce using rule 40 (statement)]
    PRINT         [reduce using rule 40 (statement)]
    DQ_STRING_DQ  [reduce using rule 40 (statement)]
    ADD           [reduce using rule 40 (statement)]
    SUB           [reduce using rule 40 (statement)]
    LP            [reduce using rule 40 (statement)]
    NOT           [reduce using rule 40 (statement)]
    $default      reduce using rule 40 (statement)

    assignment_list       go to state 28
    variable_declaration  go to state 29
    variable_reference    go to state 30
    method_declaration    go to state 31
    statement             go to state 206
    method_call           go to state 33
    if_statement          go to state 34
    do_while_statement    go to state 35
    for_statement         go to state 36
    switch_statement      go to state 37
    return_statement      go to state 38
    break_statement       go to state 39
    print_statement       go to state 40
    exp                   go to state 41
    factor                go to state 42
    term                  go to state 43
    relational_exp        go to state 44
    relational_factor     go to state 45
    logical_term          go to state 46
    unary                 go to state 47
    primary               go to state 48
    object_creation       go to state 49
    member_access         go to state 50
    access_modifier       go to state 142
    data_type             go to state 52


State 160

  111 relational_exp: relational_exp EQ relational_factor •
  118 relational_factor: relational_factor • AND logical_term
  119                  | relational_factor • OR logical_term

    AND  shift, and go to state 106
    OR   shift, and go to state 107

    $default  reduce using rule 111 (relational_exp)


State 161

  120 logical_term: unary •

    $default  reduce using rule 120 (logical_term)


State 162

  112 relational_exp: relational_exp NEQ relational_factor •
  118 relational_factor: relational_factor • AND logical_term
  119                  | relational_factor • OR logical_term

    AND  shift, and go to state 106
    OR   shift, and go to state 107

    $default  reduce using rule 112 (relational_exp)


State 163

  113 relational_exp: relational_exp LT relational_factor •
  118 relational_factor: relational_factor • AND logical_term
  119                  | relational_factor • OR logical_term

    AND  shift, and go to state 106
    OR   shift, and go to state 107

    $default  reduce using rule 113 (relational_exp)


State 164

  114 relational_exp: relational_exp GT relational_factor •
  118 relational_factor: relational_factor • AND logical_term
  119                  | relational_factor • OR logical_term

    AND  shift, and go to state 106
    OR   shift, and go to state 107

    $default  reduce using rule 114 (relational_exp)


State 165

  115 relational_exp: relational_exp LE relational_factor •
  118 relational_factor: relational_factor • AND logical_term
  119                  | relational_factor • OR logical_term

    AND  shift, and go to state 106
    OR   shift, and go to state 107

    $default  reduce using rule 115 (relational_exp)


State 166

  116 relational_exp: relational_exp GE relational_factor •
  118 relational_factor: relational_factor • AND logical_term
  119                  | relational_factor • OR logical_term

    AND  shift, and go to state 106
    OR   shift, and go to state 107

    $default  reduce using rule 116 (relational_exp)


State 167

  118 relational_factor: relational_factor AND logical_term •

    $default  reduce using rule 118 (relational_factor)


State 168

  119 relational_factor: relational_factor OR logical_term •

    $default  reduce using rule 119 (relational_factor)


State 169

   54 statement: object_creation none_or_newlines statement •

    $default  reduce using rule 54 (statement)


State 170

   56 statement: member_access none_or_newlines statement •

    $default  reduce using rule 56 (statement)


State 171

    5 class_declaration: access_modifier CLASS CLASS_ID • LCB $@1 none_or_newlines class_body none_or_newlines RCB

    LCB  shift, and go to state 207


State 172

   11 identifier_list: ID •
   12                | ID • COMMA identifier_list
   13 assignment_list: ID • ASSIGN exp
   14                | ID • ASSIGN exp COMMA assignment_list
   15                | ID • ASSIGN DQ_STRING_DQ
   16                | ID • ASSIGN DQ_STRING_DQ COMMA assignment_list
   17                | ID • ASSIGN variable_reference
   18                | ID • ASSIGN variable_reference COMMA assignment_list
   19                | ID • ASSIGN method_call
   20                | ID • ASSIGN method_call COMMA assignment_list
   21                | ID • ASSIGN object_creation
   22                | ID • ASSIGN object_creation COMMA assignment_list
   30 method_declaration: access_modifier data_type ID • LP none_or_newlines none_or_multiple_parameters none_or_newlines RP LCB $@3 none_or_newlines method_body none_or_newlines RCB

    COMMA   shift, and go to state 175
    LP      shift, and go to state 208
    ASSIGN  shift, and go to state 55

    $default  reduce using rule 11 (identifier_list)


State 173

   24 variable_declaration: access_modifier data_type identifier_list •

    $default  reduce using rule 24 (variable_declaration)


State 174

   25 variable_declaration: access_modifier data_type assignment_list •

    $default  reduce using rule 25 (variable_declaration)


State 175

   12 identifier_list: ID COMMA • identifier_list

    ID  shift, and go to state 209

    identifier_list  go to state 210


State 176

   32 method_declaration: data_type ID LP • none_or_newlines none_or_multiple_parameters none_or_newlines RP LCB $@4 none_or_newlines method_body none_or_newlines RCB

    NEWLINE  shift, and go to state 78

    NEWLINE   [reduce using rule 144 (none_or_newlines)]
    $default  reduce using rule 144 (none_or_newlines)

    none_or_newlines  go to state 211


State 177

  133 member_access_body: ID SEMICOLON •

    $default  reduce using rule 133 (member_access_body)


State 178

  132 member_access: ID DOT member_access_body $@5 • none_or_newlines

    NEWLINE  shift, and go to state 78

    NEWLINE   [reduce using rule 144 (none_or_newlines)]
    $default  reduce using rule 144 (none_or_newlines)

    none_or_newlines  go to state 212


State 179

   62 none_or_multiple_arguments: variable_reference • arguments

    COMMA  shift, and go to state 213

    $default  reduce using rule 63 (arguments)

    arguments  go to state 214


State 180

   61 none_or_multiple_arguments: parameter • arguments

    COMMA  shift, and go to state 213

    $default  reduce using rule 63 (arguments)

    arguments  go to state 215


State 181

   59 method_call: ID LP none_or_newlines none_or_multiple_arguments • none_or_newlines RP SEMICOLON

    NEWLINE  shift, and go to state 78

    $default  reduce using rule 144 (none_or_newlines)

    none_or_newlines  go to state 216


State 182

   37 parameter: data_type • ID

    ID  shift, and go to state 217


State 183

   16 assignment_list: ID ASSIGN DQ_STRING_DQ COMMA • assignment_list

    ID  shift, and go to state 218

    assignment_list  go to state 219


State 184

   18 assignment_list: ID ASSIGN variable_reference COMMA • assignment_list

    ID  shift, and go to state 218

    assignment_list  go to state 220


State 185

   20 assignment_list: ID ASSIGN method_call COMMA • assignment_list

    ID  shift, and go to state 218

    assignment_list  go to state 221


State 186

   14 assignment_list: ID ASSIGN exp COMMA • assignment_list

    ID  shift, and go to state 218

    assignment_list  go to state 222


State 187

   22 assignment_list: ID ASSIGN object_creation COMMA • assignment_list

    ID  shift, and go to state 218

    assignment_list  go to state 223


State 188

  130 object_creation: CLASS_ID ID ASSIGN NEW • CLASS_ID LP RP SEMICOLON

    CLASS_ID  shift, and go to state 224


State 189

    7 class_declaration: CLASS CLASS_ID LCB $@2 • none_or_newlines class_body none_or_newlines RCB

    NEWLINE  shift, and go to state 78

    NEWLINE   [reduce using rule 144 (none_or_newlines)]
    $default  reduce using rule 144 (none_or_newlines)

    none_or_newlines  go to state 225


State 190

   68 if_statement: IF LP none_or_newlines variable_reference • none_or_newlines RP LCB none_or_newlines statement none_or_newlines RCB none_or_newlines none_or_multiple_elif none_or_newlines none_or_one_else
  127 primary: variable_reference •

    NEWLINE  shift, and go to state 78

    NEWLINE   [reduce using rule 127 (primary)]
    RP        reduce using rule 127 (primary)
    RP        [reduce using rule 144 (none_or_newlines)]
    $default  reduce using rule 127 (primary)

    none_or_newlines  go to state 226


State 191

   69 if_statement: IF LP none_or_newlines method_call • none_or_newlines RP LCB none_or_newlines statement none_or_newlines RCB none_or_newlines none_or_multiple_elif none_or_newlines none_or_one_else

    NEWLINE  shift, and go to state 78

    $default  reduce using rule 144 (none_or_newlines)

    none_or_newlines  go to state 227


State 192

   66 if_statement: IF LP none_or_newlines exp • none_or_newlines RP LCB none_or_newlines statement none_or_newlines RCB none_or_newlines none_or_multiple_elif none_or_newlines none_or_one_else
  102 exp: exp • ADD factor
  103    | exp • SUB factor

    NEWLINE  shift, and go to state 78
    ADD      shift, and go to state 93
    SUB      shift, and go to state 94

    $default  reduce using rule 144 (none_or_newlines)

    none_or_newlines  go to state 228


State 193

   67 if_statement: IF LP none_or_newlines relational_exp • none_or_newlines RP LCB none_or_newlines statement none_or_newlines RCB none_or_newlines none_or_multiple_elif none_or_newlines none_or_one_else
  111 relational_exp: relational_exp • EQ relational_factor
  112               | relational_exp • NEQ relational_factor
  113               | relational_exp • LT relational_factor
  114               | relational_exp • GT relational_factor
  115               | relational_exp • LE relational_factor
  116               | relational_exp • GE relational_factor

    NEWLINE  shift, and go to state 78
    EQ       shift, and go to state 100
    NEQ      shift, and go to state 101
    LT       shift, and go to state 102
    GT       shift, and go to state 103
    LE       shift, and go to state 104
    GE       shift, and go to state 105

    $default  reduce using rule 144 (none_or_newlines)

    none_or_newlines  go to state 229


State 194

   85 switch_statement: SWITCH LP none_or_newlines SQ_ANYCHAR_SQ • none_or_newlines RP LCB none_or_newlines one_or_more_cases none_or_newlines default_case none_or_newlines RCB

    NEWLINE  shift, and go to state 78

    $default  reduce using rule 144 (none_or_newlines)

    none_or_newlines  go to state 230


State 195

   84 switch_statement: SWITCH LP none_or_newlines exp • none_or_newlines RP LCB none_or_newlines one_or_more_cases none_or_newlines default_case none_or_newlines RCB
  102 exp: exp • ADD factor
  103    | exp • SUB factor

    NEWLINE  shift, and go to state 78
    ADD      shift, and go to state 93
    SUB      shift, and go to state 94

    $default  reduce using rule 144 (none_or_newlines)

    none_or_newlines  go to state 231


State 196

   77 do_while_statement: DO LCB none_or_newlines statement • none_or_newlines RCB WHILE LP none_or_newlines relational_exp none_or_newlines RP SEMICOLON
   78                   | DO LCB none_or_newlines statement • none_or_newlines RCB WHILE LP none_or_newlines variable_reference none_or_newlines RP SEMICOLON

    NEWLINE  shift, and go to state 78

    $default  reduce using rule 144 (none_or_newlines)

    none_or_newlines  go to state 232


State 197

   81 first_and_third_loop_statement: assignment_statement •

    $default  reduce using rule 81 (first_and_third_loop_statement)


State 198

   79 for_statement: FOR LP none_or_newlines first_and_third_loop_statement • SEMICOLON none_or_newlines second_loop_statement SEMICOLON none_or_newlines first_and_third_loop_statement none_or_newlines RP LCB none_or_newlines statement none_or_newlines RCB

    SEMICOLON  shift, and go to state 233


State 199

   57 assignment_statement: data_type • ID ASSIGN exp
   58                     | data_type • ID ASSIGN variable_reference

    ID  shift, and go to state 234


State 200

  100 single_or_multiple_variables: COMMA • ID single_or_multiple_variables

    ID  shift, and go to state 235


State 201

   98 print_statement: PRINT LP DQ_STRING_DQ single_or_multiple_variables • RP SEMICOLON

    RP  shift, and go to state 236


State 202

   51 statement: DQ_STRING_DQ SEMICOLON none_or_newlines statement •

    $default  reduce using rule 51 (statement)


State 203

   52 statement: variable_declaration SEMICOLON none_or_newlines statement •

    $default  reduce using rule 52 (statement)


State 204

   55 statement: variable_reference SEMICOLON none_or_newlines statement •

    $default  reduce using rule 55 (statement)


State 205

   49 statement: exp SEMICOLON none_or_newlines statement •

    $default  reduce using rule 49 (statement)


State 206

   50 statement: relational_exp SEMICOLON none_or_newlines statement •

    $default  reduce using rule 50 (statement)


State 207

    5 class_declaration: access_modifier CLASS CLASS_ID LCB • $@1 none_or_newlines class_body none_or_newlines RCB

    $default  reduce using rule 4 ($@1)

    $@1  go to state 237


State 208

   30 method_declaration: access_modifier data_type ID LP • none_or_newlines none_or_multiple_parameters none_or_newlines RP LCB $@3 none_or_newlines method_body none_or_newlines RCB

    NEWLINE  shift, and go to state 78

    NEWLINE   [reduce using rule 144 (none_or_newlines)]
    $default  reduce using rule 144 (none_or_newlines)

    none_or_newlines  go to state 238


State 209

   11 identifier_list: ID •
   12                | ID • COMMA identifier_list

    COMMA  shift, and go to state 175

    $default  reduce using rule 11 (identifier_list)


State 210

   12 identifier_list: ID COMMA identifier_list •

    $default  reduce using rule 12 (identifier_list)


State 211

   32 method_declaration: data_type ID LP none_or_newlines • none_or_multiple_parameters none_or_newlines RP LCB $@4 none_or_newlines method_body none_or_newlines RCB

    INTEGER  shift, and go to state 8
    CHAR     shift, and go to state 9
    DOUBLE   shift, and go to state 10
    BOOLEAN  shift, and go to state 11
    STRING   shift, and go to state 12
    VOID     shift, and go to state 13

    ID        reduce using rule 137 (data_type)
    $default  reduce using rule 33 (none_or_multiple_parameters)

    none_or_multiple_parameters  go to state 239
    parameter                    go to state 240
    data_type                    go to state 182


State 212

  132 member_access: ID DOT member_access_body $@5 none_or_newlines •

    $default  reduce using rule 132 (member_access)


State 213

   64 arguments: COMMA • none_or_newlines parameter arguments
   65          | COMMA • none_or_newlines variable_reference arguments

    NEWLINE  shift, and go to state 78

    $default  reduce using rule 144 (none_or_newlines)

    none_or_newlines  go to state 241


State 214

   62 none_or_multiple_arguments: variable_reference arguments •

    $default  reduce using rule 62 (none_or_multiple_arguments)


State 215

   61 none_or_multiple_arguments: parameter arguments •

    $default  reduce using rule 61 (none_or_multiple_arguments)


State 216

   59 method_call: ID LP none_or_newlines none_or_multiple_arguments none_or_newlines • RP SEMICOLON

    RP  shift, and go to state 242


State 217

   37 parameter: data_type ID •

    $default  reduce using rule 37 (parameter)


State 218

   13 assignment_list: ID • ASSIGN exp
   14                | ID • ASSIGN exp COMMA assignment_list
   15                | ID • ASSIGN DQ_STRING_DQ
   16                | ID • ASSIGN DQ_STRING_DQ COMMA assignment_list
   17                | ID • ASSIGN variable_reference
   18                | ID • ASSIGN variable_reference COMMA assignment_list
   19                | ID • ASSIGN method_call
   20                | ID • ASSIGN method_call COMMA assignment_list
   21                | ID • ASSIGN object_creation
   22                | ID • ASSIGN object_creation COMMA assignment_list

    ASSIGN  shift, and go to state 55


State 219

   16 assignment_list: ID ASSIGN DQ_STRING_DQ COMMA assignment_list •

    $default  reduce using rule 16 (assignment_list)


State 220

   18 assignment_list: ID ASSIGN variable_reference COMMA assignment_list •

    $default  reduce using rule 18 (assignment_list)


State 221

   20 assignment_list: ID ASSIGN method_call COMMA assignment_list •

    $default  reduce using rule 20 (assignment_list)


State 222

   14 assignment_list: ID ASSIGN exp COMMA assignment_list •

    $default  reduce using rule 14 (assignment_list)


State 223

   22 assignment_list: ID ASSIGN object_creation COMMA assignment_list •

    $default  reduce using rule 22 (assignment_list)


State 224

  130 object_creation: CLASS_ID ID ASSIGN NEW CLASS_ID • LP RP SEMICOLON

    LP  shift, and go to state 243


State 225

    7 class_declaration: CLASS CLASS_ID LCB $@2 none_or_newlines • class_body none_or_newlines RCB

    CONST         shift, and go to state 1
    ID            shift, and go to state 2
    CLASS_ID      shift, and go to state 3
    DOUBLE_CONST  shift, and go to state 4
    CLASS         shift, and go to state 5
    PUBLIC        shift, and go to state 6
    PRIVATE       shift, and go to state 7
    INTEGER       shift, and go to state 8
    CHAR          shift, and go to state 9
    DOUBLE        shift, and go to state 10
    BOOLEAN       shift, and go to state 11
    STRING        shift, and go to state 12
    VOID          shift, and go to state 13
    RETURN        shift, and go to state 14
    IF            shift, and go to state 15
    SWITCH        shift, and go to state 16
    DO            shift, and go to state 17
    FOR           shift, and go to state 18
    BREAK         shift, and go to state 19
    PRINT         shift, and go to state 20
    DQ_STRING_DQ  shift, and go to state 21
    ADD           shift, and go to state 22
    SUB           shift, and go to state 23
    LP            shift, and go to state 24
    NOT           shift, and go to state 25

    CONST         [reduce using rule 40 (statement)]
    ID            [reduce using rule 40 (statement)]
    ID            [reduce using rule 137 (data_type)]
    CLASS_ID      [reduce using rule 40 (statement)]
    DOUBLE_CONST  [reduce using rule 40 (statement)]
    NEWLINE       reduce using rule 8 (class_body)
    NEWLINE       [reduce using rule 40 (statement)]
    CLASS         [reduce using rule 40 (statement)]
    PUBLIC        [reduce using rule 40 (statement)]
    PRIVATE       [reduce using rule 40 (statement)]
    INTEGER       [reduce using rule 40 (statement)]
    CHAR          [reduce using rule 40 (statement)]
    DOUBLE        [reduce using rule 40 (statement)]
    BOOLEAN       [reduce using rule 40 (statement)]
    STRING        [reduce using rule 40 (statement)]
    VOID          [reduce using rule 40 (statement)]
    RETURN        [reduce using rule 40 (statement)]
    IF            [reduce using rule 40 (statement)]
    SWITCH        [reduce using rule 40 (statement)]
    DO            [reduce using rule 40 (statement)]
    FOR           [reduce using rule 40 (statement)]
    BREAK         [reduce using rule 40 (statement)]
    PRINT         [reduce using rule 40 (statement)]
    DQ_STRING_DQ  [reduce using rule 40 (statement)]
    ADD           [reduce using rule 40 (statement)]
    SUB           [reduce using rule 40 (statement)]
    LP            [reduce using rule 40 (statement)]
    RCB           reduce using rule 8 (class_body)
    RCB           [reduce using rule 40 (statement)]
    NOT           [reduce using rule 40 (statement)]
    $default      reduce using rule 8 (class_body)

    class_declaration     go to state 244
    class_body            go to state 245
    assignment_list       go to state 28
    variable_declaration  go to state 29
    variable_reference    go to state 30
    method_declaration    go to state 31
    statement             go to state 246
    method_call           go to state 33
    if_statement          go to state 34
    do_while_statement    go to state 35
    for_statement         go to state 36
    switch_statement      go to state 37
    return_statement      go to state 38
    break_statement       go to state 39
    print_statement       go to state 40
    exp                   go to state 41
    factor                go to state 42
    term                  go to state 43
    relational_exp        go to state 44
    relational_factor     go to state 45
    logical_term          go to state 46
    unary                 go to state 47
    primary               go to state 48
    object_creation       go to state 49
    member_access         go to state 50
    access_modifier       go to state 51
    data_type             go to state 52


State 226

   68 if_statement: IF LP none_or_newlines variable_reference none_or_newlines • RP LCB none_or_newlines statement none_or_newlines RCB none_or_newlines none_or_multiple_elif none_or_newlines none_or_one_else

    RP  shift, and go to state 247


State 227

   69 if_statement: IF LP none_or_newlines method_call none_or_newlines • RP LCB none_or_newlines statement none_or_newlines RCB none_or_newlines none_or_multiple_elif none_or_newlines none_or_one_else

    RP  shift, and go to state 248


State 228

   66 if_statement: IF LP none_or_newlines exp none_or_newlines • RP LCB none_or_newlines statement none_or_newlines RCB none_or_newlines none_or_multiple_elif none_or_newlines none_or_one_else

    RP  shift, and go to state 249


State 229

   67 if_statement: IF LP none_or_newlines relational_exp none_or_newlines • RP LCB none_or_newlines statement none_or_newlines RCB none_or_newlines none_or_multiple_elif none_or_newlines none_or_one_else

    RP  shift, and go to state 250


State 230

   85 switch_statement: SWITCH LP none_or_newlines SQ_ANYCHAR_SQ none_or_newlines • RP LCB none_or_newlines one_or_more_cases none_or_newlines default_case none_or_newlines RCB

    RP  shift, and go to state 251


State 231

   84 switch_statement: SWITCH LP none_or_newlines exp none_or_newlines • RP LCB none_or_newlines one_or_more_cases none_or_newlines default_case none_or_newlines RCB

    RP  shift, and go to state 252


State 232

   77 do_while_statement: DO LCB none_or_newlines statement none_or_newlines • RCB WHILE LP none_or_newlines relational_exp none_or_newlines RP SEMICOLON
   78                   | DO LCB none_or_newlines statement none_or_newlines • RCB WHILE LP none_or_newlines variable_reference none_or_newlines RP SEMICOLON

    RCB  shift, and go to state 253


State 233

   79 for_statement: FOR LP none_or_newlines first_and_third_loop_statement SEMICOLON • none_or_newlines second_loop_statement SEMICOLON none_or_newlines first_and_third_loop_statement none_or_newlines RP LCB none_or_newlines statement none_or_newlines RCB

    NEWLINE  shift, and go to state 78

    $default  reduce using rule 144 (none_or_newlines)

    none_or_newlines  go to state 254


State 234

   57 assignment_statement: data_type ID • ASSIGN exp
   58                     | data_type ID • ASSIGN variable_reference

    ASSIGN  shift, and go to state 255


State 235

  100 single_or_multiple_variables: COMMA ID • single_or_multiple_variables

    COMMA  shift, and go to state 200

    $default  reduce using rule 99 (single_or_multiple_variables)

    single_or_multiple_variables  go to state 256


State 236

   98 print_statement: PRINT LP DQ_STRING_DQ single_or_multiple_variables RP • SEMICOLON

    SEMICOLON  shift, and go to state 257


State 237

    5 class_declaration: access_modifier CLASS CLASS_ID LCB $@1 • none_or_newlines class_body none_or_newlines RCB

    NEWLINE  shift, and go to state 78

    NEWLINE   [reduce using rule 144 (none_or_newlines)]
    $default  reduce using rule 144 (none_or_newlines)

    none_or_newlines  go to state 258


State 238

   30 method_declaration: access_modifier data_type ID LP none_or_newlines • none_or_multiple_parameters none_or_newlines RP LCB $@3 none_or_newlines method_body none_or_newlines RCB

    INTEGER  shift, and go to state 8
    CHAR     shift, and go to state 9
    DOUBLE   shift, and go to state 10
    BOOLEAN  shift, and go to state 11
    STRING   shift, and go to state 12
    VOID     shift, and go to state 13

    ID        reduce using rule 137 (data_type)
    $default  reduce using rule 33 (none_or_multiple_parameters)

    none_or_multiple_parameters  go to state 259
    parameter                    go to state 240
    data_type                    go to state 182


State 239

   32 method_declaration: data_type ID LP none_or_newlines none_or_multiple_parameters • none_or_newlines RP LCB $@4 none_or_newlines method_body none_or_newlines RCB

    NEWLINE  shift, and go to state 78

    $default  reduce using rule 144 (none_or_newlines)

    none_or_newlines  go to state 260


State 240

   34 none_or_multiple_parameters: parameter • parameters

    COMMA  shift, and go to state 261

    $default  reduce using rule 35 (parameters)

    parameters  go to state 262


State 241

   64 arguments: COMMA none_or_newlines • parameter arguments
   65          | COMMA none_or_newlines • variable_reference arguments

    ID       shift, and go to state 70
    INTEGER  shift, and go to state 8
    CHAR     shift, and go to state 9
    DOUBLE   shift, and go to state 10
    BOOLEAN  shift, and go to state 11
    STRING   shift, and go to state 12
    VOID     shift, and go to state 13

    ID  [reduce using rule 137 (data_type)]

    variable_reference  go to state 263
    parameter           go to state 264
    data_type           go to state 182


State 242

   59 method_call: ID LP none_or_newlines none_or_multiple_arguments none_or_newlines RP • SEMICOLON

    SEMICOLON  shift, and go to state 265


State 243

  130 object_creation: CLASS_ID ID ASSIGN NEW CLASS_ID LP • RP SEMICOLON

    RP  shift, and go to state 266


State 244

    9 class_body: class_declaration • none_or_newlines class_body

    NEWLINE  shift, and go to state 78

    NEWLINE   [reduce using rule 144 (none_or_newlines)]
    $default  reduce using rule 144 (none_or_newlines)

    none_or_newlines  go to state 267


State 245

    7 class_declaration: CLASS CLASS_ID LCB $@2 none_or_newlines class_body • none_or_newlines RCB

    NEWLINE  shift, and go to state 78

    $default  reduce using rule 144 (none_or_newlines)

    none_or_newlines  go to state 268


State 246

   10 class_body: statement • none_or_newlines class_body

    NEWLINE  shift, and go to state 78

    NEWLINE   [reduce using rule 144 (none_or_newlines)]
    $default  reduce using rule 144 (none_or_newlines)

    none_or_newlines  go to state 269


State 247

   68 if_statement: IF LP none_or_newlines variable_reference none_or_newlines RP • LCB none_or_newlines statement none_or_newlines RCB none_or_newlines none_or_multiple_elif none_or_newlines none_or_one_else

    LCB  shift, and go to state 270


State 248

   69 if_statement: IF LP none_or_newlines method_call none_or_newlines RP • LCB none_or_newlines statement none_or_newlines RCB none_or_newlines none_or_multiple_elif none_or_newlines none_or_one_else

    LCB  shift, and go to state 271


State 249

   66 if_statement: IF LP none_or_newlines exp none_or_newlines RP • LCB none_or_newlines statement none_or_newlines RCB none_or_newlines none_or_multiple_elif none_or_newlines none_or_one_else

    LCB  shift, and go to state 272


State 250

   67 if_statement: IF LP none_or_newlines relational_exp none_or_newlines RP • LCB none_or_newlines statement none_or_newlines RCB none_or_newlines none_or_multiple_elif none_or_newlines none_or_one_else

    LCB  shift, and go to state 273


State 251

   85 switch_statement: SWITCH LP none_or_newlines SQ_ANYCHAR_SQ none_or_newlines RP • LCB none_or_newlines one_or_more_cases none_or_newlines default_case none_or_newlines RCB

    LCB  shift, and go to state 274


State 252

   84 switch_statement: SWITCH LP none_or_newlines exp none_or_newlines RP • LCB none_or_newlines one_or_more_cases none_or_newlines default_case none_or_newlines RCB

    LCB  shift, and go to state 275


State 253

   77 do_while_statement: DO LCB none_or_newlines statement none_or_newlines RCB • WHILE LP none_or_newlines relational_exp none_or_newlines RP SEMICOLON
   78                   | DO LCB none_or_newlines statement none_or_newlines RCB • WHILE LP none_or_newlines variable_reference none_or_newlines RP SEMICOLON

    WHILE  shift, and go to state 276


State 254

   79 for_statement: FOR LP none_or_newlines first_and_third_loop_statement SEMICOLON none_or_newlines • second_loop_statement SEMICOLON none_or_newlines first_and_third_loop_statement none_or_newlines RP LCB none_or_newlines statement none_or_newlines RCB

    CONST         shift, and go to state 1
    ID            shift, and go to state 70
    DOUBLE_CONST  shift, and go to state 4
    ADD           shift, and go to state 22
    SUB           shift, and go to state 23
    LP            shift, and go to state 24
    NOT           shift, and go to state 25

    $default  reduce using rule 82 (second_loop_statement)

    variable_reference     go to state 71
    second_loop_statement  go to state 277
    relational_exp         go to state 278
    relational_factor      go to state 45
    logical_term           go to state 46
    unary                  go to state 161
    primary                go to state 48


State 255

   57 assignment_statement: data_type ID ASSIGN • exp
   58                     | data_type ID ASSIGN • variable_reference

    CONST         shift, and go to state 1
    ID            shift, and go to state 70
    DOUBLE_CONST  shift, and go to state 4
    ADD           shift, and go to state 22
    SUB           shift, and go to state 23
    LP            shift, and go to state 24

    variable_reference  go to state 279
    exp                 go to state 280
    factor              go to state 42
    term                go to state 43
    unary               go to state 62
    primary             go to state 48


State 256

  100 single_or_multiple_variables: COMMA ID single_or_multiple_variables •

    $default  reduce using rule 100 (single_or_multiple_variables)


State 257

   98 print_statement: PRINT LP DQ_STRING_DQ single_or_multiple_variables RP SEMICOLON •

    $default  reduce using rule 98 (print_statement)


State 258

    5 class_declaration: access_modifier CLASS CLASS_ID LCB $@1 none_or_newlines • class_body none_or_newlines RCB

    CONST         shift, and go to state 1
    ID            shift, and go to state 2
    CLASS_ID      shift, and go to state 3
    DOUBLE_CONST  shift, and go to state 4
    CLASS         shift, and go to state 5
    PUBLIC        shift, and go to state 6
    PRIVATE       shift, and go to state 7
    INTEGER       shift, and go to state 8
    CHAR          shift, and go to state 9
    DOUBLE        shift, and go to state 10
    BOOLEAN       shift, and go to state 11
    STRING        shift, and go to state 12
    VOID          shift, and go to state 13
    RETURN        shift, and go to state 14
    IF            shift, and go to state 15
    SWITCH        shift, and go to state 16
    DO            shift, and go to state 17
    FOR           shift, and go to state 18
    BREAK         shift, and go to state 19
    PRINT         shift, and go to state 20
    DQ_STRING_DQ  shift, and go to state 21
    ADD           shift, and go to state 22
    SUB           shift, and go to state 23
    LP            shift, and go to state 24
    NOT           shift, and go to state 25

    CONST         [reduce using rule 40 (statement)]
    ID            [reduce using rule 40 (statement)]
    ID            [reduce using rule 137 (data_type)]
    CLASS_ID      [reduce using rule 40 (statement)]
    DOUBLE_CONST  [reduce using rule 40 (statement)]
    NEWLINE       reduce using rule 8 (class_body)
    NEWLINE       [reduce using rule 40 (statement)]
    CLASS         [reduce using rule 40 (statement)]
    PUBLIC        [reduce using rule 40 (statement)]
    PRIVATE       [reduce using rule 40 (statement)]
    INTEGER       [reduce using rule 40 (statement)]
    CHAR          [reduce using rule 40 (statement)]
    DOUBLE        [reduce using rule 40 (statement)]
    BOOLEAN       [reduce using rule 40 (statement)]
    STRING        [reduce using rule 40 (statement)]
    VOID          [reduce using rule 40 (statement)]
    RETURN        [reduce using rule 40 (statement)]
    IF            [reduce using rule 40 (statement)]
    SWITCH        [reduce using rule 40 (statement)]
    DO            [reduce using rule 40 (statement)]
    FOR           [reduce using rule 40 (statement)]
    BREAK         [reduce using rule 40 (statement)]
    PRINT         [reduce using rule 40 (statement)]
    DQ_STRING_DQ  [reduce using rule 40 (statement)]
    ADD           [reduce using rule 40 (statement)]
    SUB           [reduce using rule 40 (statement)]
    LP            [reduce using rule 40 (statement)]
    RCB           reduce using rule 8 (class_body)
    RCB           [reduce using rule 40 (statement)]
    NOT           [reduce using rule 40 (statement)]
    $default      reduce using rule 8 (class_body)

    class_declaration     go to state 244
    class_body            go to state 281
    assignment_list       go to state 28
    variable_declaration  go to state 29
    variable_reference    go to state 30
    method_declaration    go to state 31
    statement             go to state 246
    method_call           go to state 33
    if_statement          go to state 34
    do_while_statement    go to state 35
    for_statement         go to state 36
    switch_statement      go to state 37
    return_statement      go to state 38
    break_statement       go to state 39
    print_statement       go to state 40
    exp                   go to state 41
    factor                go to state 42
    term                  go to state 43
    relational_exp        go to state 44
    relational_factor     go to state 45
    logical_term          go to state 46
    unary                 go to state 47
    primary               go to state 48
    object_creation       go to state 49
    member_access         go to state 50
    access_modifier       go to state 51
    data_type             go to state 52


State 259

   30 method_declaration: access_modifier data_type ID LP none_or_newlines none_or_multiple_parameters • none_or_newlines RP LCB $@3 none_or_newlines method_body none_or_newlines RCB

    NEWLINE  shift, and go to state 78

    $default  reduce using rule 144 (none_or_newlines)

    none_or_newlines  go to state 282


State 260

   32 method_declaration: data_type ID LP none_or_newlines none_or_multiple_parameters none_or_newlines • RP LCB $@4 none_or_newlines method_body none_or_newlines RCB

    RP  shift, and go to state 283


State 261

   36 parameters: COMMA • none_or_newlines parameter parameters

    NEWLINE  shift, and go to state 78

    $default  reduce using rule 144 (none_or_newlines)

    none_or_newlines  go to state 284


State 262

   34 none_or_multiple_parameters: parameter parameters •

    $default  reduce using rule 34 (none_or_multiple_parameters)


State 263

   65 arguments: COMMA none_or_newlines variable_reference • arguments

    COMMA  shift, and go to state 213

    $default  reduce using rule 63 (arguments)

    arguments  go to state 285


State 264

   64 arguments: COMMA none_or_newlines parameter • arguments

    COMMA  shift, and go to state 213

    $default  reduce using rule 63 (arguments)

    arguments  go to state 286


State 265

   59 method_call: ID LP none_or_newlines none_or_multiple_arguments none_or_newlines RP SEMICOLON •

    $default  reduce using rule 59 (method_call)


State 266

  130 object_creation: CLASS_ID ID ASSIGN NEW CLASS_ID LP RP • SEMICOLON

    SEMICOLON  shift, and go to state 287


State 267

    9 class_body: class_declaration none_or_newlines • class_body

    CONST         shift, and go to state 1
    ID            shift, and go to state 2
    CLASS_ID      shift, and go to state 3
    DOUBLE_CONST  shift, and go to state 4
    CLASS         shift, and go to state 5
    PUBLIC        shift, and go to state 6
    PRIVATE       shift, and go to state 7
    INTEGER       shift, and go to state 8
    CHAR          shift, and go to state 9
    DOUBLE        shift, and go to state 10
    BOOLEAN       shift, and go to state 11
    STRING        shift, and go to state 12
    VOID          shift, and go to state 13
    RETURN        shift, and go to state 14
    IF            shift, and go to state 15
    SWITCH        shift, and go to state 16
    DO            shift, and go to state 17
    FOR           shift, and go to state 18
    BREAK         shift, and go to state 19
    PRINT         shift, and go to state 20
    DQ_STRING_DQ  shift, and go to state 21
    ADD           shift, and go to state 22
    SUB           shift, and go to state 23
    LP            shift, and go to state 24
    NOT           shift, and go to state 25

    CONST         [reduce using rule 40 (statement)]
    ID            [reduce using rule 40 (statement)]
    ID            [reduce using rule 137 (data_type)]
    CLASS_ID      [reduce using rule 40 (statement)]
    DOUBLE_CONST  [reduce using rule 40 (statement)]
    NEWLINE       reduce using rule 8 (class_body)
    NEWLINE       [reduce using rule 40 (statement)]
    CLASS         [reduce using rule 40 (statement)]
    PUBLIC        [reduce using rule 40 (statement)]
    PRIVATE       [reduce using rule 40 (statement)]
    INTEGER       [reduce using rule 40 (statement)]
    CHAR          [reduce using rule 40 (statement)]
    DOUBLE        [reduce using rule 40 (statement)]
    BOOLEAN       [reduce using rule 40 (statement)]
    STRING        [reduce using rule 40 (statement)]
    VOID          [reduce using rule 40 (statement)]
    RETURN        [reduce using rule 40 (statement)]
    IF            [reduce using rule 40 (statement)]
    SWITCH        [reduce using rule 40 (statement)]
    DO            [reduce using rule 40 (statement)]
    FOR           [reduce using rule 40 (statement)]
    BREAK         [reduce using rule 40 (statement)]
    PRINT         [reduce using rule 40 (statement)]
    DQ_STRING_DQ  [reduce using rule 40 (statement)]
    ADD           [reduce using rule 40 (statement)]
    SUB           [reduce using rule 40 (statement)]
    LP            [reduce using rule 40 (statement)]
    RCB           reduce using rule 8 (class_body)
    RCB           [reduce using rule 40 (statement)]
    NOT           [reduce using rule 40 (statement)]
    $default      reduce using rule 8 (class_body)

    class_declaration     go to state 244
    class_body            go to state 288
    assignment_list       go to state 28
    variable_declaration  go to state 29
    variable_reference    go to state 30
    method_declaration    go to state 31
    statement             go to state 246
    method_call           go to state 33
    if_statement          go to state 34
    do_while_statement    go to state 35
    for_statement         go to state 36
    switch_statement      go to state 37
    return_statement      go to state 38
    break_statement       go to state 39
    print_statement       go to state 40
    exp                   go to state 41
    factor                go to state 42
    term                  go to state 43
    relational_exp        go to state 44
    relational_factor     go to state 45
    logical_term          go to state 46
    unary                 go to state 47
    primary               go to state 48
    object_creation       go to state 49
    member_access         go to state 50
    access_modifier       go to state 51
    data_type             go to state 52


State 268

    7 class_declaration: CLASS CLASS_ID LCB $@2 none_or_newlines class_body none_or_newlines • RCB

    RCB  shift, and go to state 289


State 269

   10 class_body: statement none_or_newlines • class_body

    CONST         shift, and go to state 1
    ID            shift, and go to state 2
    CLASS_ID      shift, and go to state 3
    DOUBLE_CONST  shift, and go to state 4
    CLASS         shift, and go to state 5
    PUBLIC        shift, and go to state 6
    PRIVATE       shift, and go to state 7
    INTEGER       shift, and go to state 8
    CHAR          shift, and go to state 9
    DOUBLE        shift, and go to state 10
    BOOLEAN       shift, and go to state 11
    STRING        shift, and go to state 12
    VOID          shift, and go to state 13
    RETURN        shift, and go to state 14
    IF            shift, and go to state 15
    SWITCH        shift, and go to state 16
    DO            shift, and go to state 17
    FOR           shift, and go to state 18
    BREAK         shift, and go to state 19
    PRINT         shift, and go to state 20
    DQ_STRING_DQ  shift, and go to state 21
    ADD           shift, and go to state 22
    SUB           shift, and go to state 23
    LP            shift, and go to state 24
    NOT           shift, and go to state 25

    CONST         [reduce using rule 40 (statement)]
    ID            [reduce using rule 40 (statement)]
    ID            [reduce using rule 137 (data_type)]
    CLASS_ID      [reduce using rule 40 (statement)]
    DOUBLE_CONST  [reduce using rule 40 (statement)]
    NEWLINE       reduce using rule 8 (class_body)
    NEWLINE       [reduce using rule 40 (statement)]
    CLASS         [reduce using rule 40 (statement)]
    PUBLIC        [reduce using rule 40 (statement)]
    PRIVATE       [reduce using rule 40 (statement)]
    INTEGER       [reduce using rule 40 (statement)]
    CHAR          [reduce using rule 40 (statement)]
    DOUBLE        [reduce using rule 40 (statement)]
    BOOLEAN       [reduce using rule 40 (statement)]
    STRING        [reduce using rule 40 (statement)]
    VOID          [reduce using rule 40 (statement)]
    RETURN        [reduce using rule 40 (statement)]
    IF            [reduce using rule 40 (statement)]
    SWITCH        [reduce using rule 40 (statement)]
    DO            [reduce using rule 40 (statement)]
    FOR           [reduce using rule 40 (statement)]
    BREAK         [reduce using rule 40 (statement)]
    PRINT         [reduce using rule 40 (statement)]
    DQ_STRING_DQ  [reduce using rule 40 (statement)]
    ADD           [reduce using rule 40 (statement)]
    SUB           [reduce using rule 40 (statement)]
    LP            [reduce using rule 40 (statement)]
    RCB           reduce using rule 8 (class_body)
    RCB           [reduce using rule 40 (statement)]
    NOT           [reduce using rule 40 (statement)]
    $default      reduce using rule 8 (class_body)

    class_declaration     go to state 244
    class_body            go to state 290
    assignment_list       go to state 28
    variable_declaration  go to state 29
    variable_reference    go to state 30
    method_declaration    go to state 31
    statement             go to state 246
    method_call           go to state 33
    if_statement          go to state 34
    do_while_statement    go to state 35
    for_statement         go to state 36
    switch_statement      go to state 37
    return_statement      go to state 38
    break_statement       go to state 39
    print_statement       go to state 40
    exp                   go to state 41
    factor                go to state 42
    term                  go to state 43
    relational_exp        go to state 44
    relational_factor     go to state 45
    logical_term          go to state 46
    unary                 go to state 47
    primary               go to state 48
    object_creation       go to state 49
    member_access         go to state 50
    access_modifier       go to state 51
    data_type             go to state 52


State 270

   68 if_statement: IF LP none_or_newlines variable_reference none_or_newlines RP LCB • none_or_newlines statement none_or_newlines RCB none_or_newlines none_or_multiple_elif none_or_newlines none_or_one_else

    NEWLINE  shift, and go to state 78

    NEWLINE   [reduce using rule 144 (none_or_newlines)]
    $default  reduce using rule 144 (none_or_newlines)

    none_or_newlines  go to state 291


State 271

   69 if_statement: IF LP none_or_newlines method_call none_or_newlines RP LCB • none_or_newlines statement none_or_newlines RCB none_or_newlines none_or_multiple_elif none_or_newlines none_or_one_else

    NEWLINE  shift, and go to state 78

    NEWLINE   [reduce using rule 144 (none_or_newlines)]
    $default  reduce using rule 144 (none_or_newlines)

    none_or_newlines  go to state 292


State 272

   66 if_statement: IF LP none_or_newlines exp none_or_newlines RP LCB • none_or_newlines statement none_or_newlines RCB none_or_newlines none_or_multiple_elif none_or_newlines none_or_one_else

    NEWLINE  shift, and go to state 78

    NEWLINE   [reduce using rule 144 (none_or_newlines)]
    $default  reduce using rule 144 (none_or_newlines)

    none_or_newlines  go to state 293


State 273

   67 if_statement: IF LP none_or_newlines relational_exp none_or_newlines RP LCB • none_or_newlines statement none_or_newlines RCB none_or_newlines none_or_multiple_elif none_or_newlines none_or_one_else

    NEWLINE  shift, and go to state 78

    NEWLINE   [reduce using rule 144 (none_or_newlines)]
    $default  reduce using rule 144 (none_or_newlines)

    none_or_newlines  go to state 294


State 274

   85 switch_statement: SWITCH LP none_or_newlines SQ_ANYCHAR_SQ none_or_newlines RP LCB • none_or_newlines one_or_more_cases none_or_newlines default_case none_or_newlines RCB

    NEWLINE  shift, and go to state 78

    $default  reduce using rule 144 (none_or_newlines)

    none_or_newlines  go to state 295


State 275

   84 switch_statement: SWITCH LP none_or_newlines exp none_or_newlines RP LCB • none_or_newlines one_or_more_cases none_or_newlines default_case none_or_newlines RCB

    NEWLINE  shift, and go to state 78

    $default  reduce using rule 144 (none_or_newlines)

    none_or_newlines  go to state 296


State 276

   77 do_while_statement: DO LCB none_or_newlines statement none_or_newlines RCB WHILE • LP none_or_newlines relational_exp none_or_newlines RP SEMICOLON
   78                   | DO LCB none_or_newlines statement none_or_newlines RCB WHILE • LP none_or_newlines variable_reference none_or_newlines RP SEMICOLON

    LP  shift, and go to state 297


State 277

   79 for_statement: FOR LP none_or_newlines first_and_third_loop_statement SEMICOLON none_or_newlines second_loop_statement • SEMICOLON none_or_newlines first_and_third_loop_statement none_or_newlines RP LCB none_or_newlines statement none_or_newlines RCB

    SEMICOLON  shift, and go to state 298


State 278

   83 second_loop_statement: relational_exp •
  111 relational_exp: relational_exp • EQ relational_factor
  112               | relational_exp • NEQ relational_factor
  113               | relational_exp • LT relational_factor
  114               | relational_exp • GT relational_factor
  115               | relational_exp • LE relational_factor
  116               | relational_exp • GE relational_factor

    EQ   shift, and go to state 100
    NEQ  shift, and go to state 101
    LT   shift, and go to state 102
    GT   shift, and go to state 103
    LE   shift, and go to state 104
    GE   shift, and go to state 105

    $default  reduce using rule 83 (second_loop_statement)


State 279

   58 assignment_statement: data_type ID ASSIGN variable_reference •
  127 primary: variable_reference •

    NEWLINE    reduce using rule 58 (assignment_statement)
    NEWLINE    [reduce using rule 127 (primary)]
    SEMICOLON  reduce using rule 58 (assignment_statement)
    SEMICOLON  [reduce using rule 127 (primary)]
    RP         reduce using rule 58 (assignment_statement)
    RP         [reduce using rule 127 (primary)]
    $default   reduce using rule 127 (primary)


State 280

   57 assignment_statement: data_type ID ASSIGN exp •
  102 exp: exp • ADD factor
  103    | exp • SUB factor

    ADD  shift, and go to state 93
    SUB  shift, and go to state 94

    $default  reduce using rule 57 (assignment_statement)


State 281

    5 class_declaration: access_modifier CLASS CLASS_ID LCB $@1 none_or_newlines class_body • none_or_newlines RCB

    NEWLINE  shift, and go to state 78

    $default  reduce using rule 144 (none_or_newlines)

    none_or_newlines  go to state 299


State 282

   30 method_declaration: access_modifier data_type ID LP none_or_newlines none_or_multiple_parameters none_or_newlines • RP LCB $@3 none_or_newlines method_body none_or_newlines RCB

    RP  shift, and go to state 300


State 283

   32 method_declaration: data_type ID LP none_or_newlines none_or_multiple_parameters none_or_newlines RP • LCB $@4 none_or_newlines method_body none_or_newlines RCB

    LCB  shift, and go to state 301


State 284

   36 parameters: COMMA none_or_newlines • parameter parameters

    INTEGER  shift, and go to state 8
    CHAR     shift, and go to state 9
    DOUBLE   shift, and go to state 10
    BOOLEAN  shift, and go to state 11
    STRING   shift, and go to state 12
    VOID     shift, and go to state 13

    $default  reduce using rule 137 (data_type)

    parameter  go to state 302
    data_type  go to state 182


State 285

   65 arguments: COMMA none_or_newlines variable_reference arguments •

    $default  reduce using rule 65 (arguments)


State 286

   64 arguments: COMMA none_or_newlines parameter arguments •

    $default  reduce using rule 64 (arguments)


State 287

  130 object_creation: CLASS_ID ID ASSIGN NEW CLASS_ID LP RP SEMICOLON •

    $default  reduce using rule 130 (object_creation)


State 288

    9 class_body: class_declaration none_or_newlines class_body •

    $default  reduce using rule 9 (class_body)


State 289

    7 class_declaration: CLASS CLASS_ID LCB $@2 none_or_newlines class_body none_or_newlines RCB •

    $default  reduce using rule 7 (class_declaration)


State 290

   10 class_body: statement none_or_newlines class_body •

    $default  reduce using rule 10 (class_body)


State 291

   68 if_statement: IF LP none_or_newlines variable_reference none_or_newlines RP LCB none_or_newlines • statement none_or_newlines RCB none_or_newlines none_or_multiple_elif none_or_newlines none_or_one_else

    CONST         shift, and go to state 1
    ID            shift, and go to state 2
    CLASS_ID      shift, and go to state 3
    DOUBLE_CONST  shift, and go to state 4
    PUBLIC        shift, and go to state 6
    PRIVATE       shift, and go to state 7
    INTEGER       shift, and go to state 8
    CHAR          shift, and go to state 9
    DOUBLE        shift, and go to state 10
    BOOLEAN       shift, and go to state 11
    STRING        shift, and go to state 12
    VOID          shift, and go to state 13
    RETURN        shift, and go to state 14
    IF            shift, and go to state 15
    SWITCH        shift, and go to state 16
    DO            shift, and go to state 17
    FOR           shift, and go to state 18
    BREAK         shift, and go to state 19
    PRINT         shift, and go to state 20
    DQ_STRING_DQ  shift, and go to state 21
    ADD           shift, and go to state 22
    SUB           shift, and go to state 23
    LP            shift, and go to state 24
    NOT           shift, and go to state 25

    ID        [reduce using rule 137 (data_type)]
    $default  reduce using rule 40 (statement)

    assignment_list       go to state 28
    variable_declaration  go to state 29
    variable_reference    go to state 30
    method_declaration    go to state 31
    statement             go to state 303
    method_call           go to state 33
    if_statement          go to state 34
    do_while_statement    go to state 35
    for_statement         go to state 36
    switch_statement      go to state 37
    return_statement      go to state 38
    break_statement       go to state 39
    print_statement       go to state 40
    exp                   go to state 41
    factor                go to state 42
    term                  go to state 43
    relational_exp        go to state 44
    relational_factor     go to state 45
    logical_term          go to state 46
    unary                 go to state 47
    primary               go to state 48
    object_creation       go to state 49
    member_access         go to state 50
    access_modifier       go to state 142
    data_type             go to state 52


State 292

   69 if_statement: IF LP none_or_newlines method_call none_or_newlines RP LCB none_or_newlines • statement none_or_newlines RCB none_or_newlines none_or_multiple_elif none_or_newlines none_or_one_else

    CONST         shift, and go to state 1
    ID            shift, and go to state 2
    CLASS_ID      shift, and go to state 3
    DOUBLE_CONST  shift, and go to state 4
    PUBLIC        shift, and go to state 6
    PRIVATE       shift, and go to state 7
    INTEGER       shift, and go to state 8
    CHAR          shift, and go to state 9
    DOUBLE        shift, and go to state 10
    BOOLEAN       shift, and go to state 11
    STRING        shift, and go to state 12
    VOID          shift, and go to state 13
    RETURN        shift, and go to state 14
    IF            shift, and go to state 15
    SWITCH        shift, and go to state 16
    DO            shift, and go to state 17
    FOR           shift, and go to state 18
    BREAK         shift, and go to state 19
    PRINT         shift, and go to state 20
    DQ_STRING_DQ  shift, and go to state 21
    ADD           shift, and go to state 22
    SUB           shift, and go to state 23
    LP            shift, and go to state 24
    NOT           shift, and go to state 25

    ID        [reduce using rule 137 (data_type)]
    $default  reduce using rule 40 (statement)

    assignment_list       go to state 28
    variable_declaration  go to state 29
    variable_reference    go to state 30
    method_declaration    go to state 31
    statement             go to state 304
    method_call           go to state 33
    if_statement          go to state 34
    do_while_statement    go to state 35
    for_statement         go to state 36
    switch_statement      go to state 37
    return_statement      go to state 38
    break_statement       go to state 39
    print_statement       go to state 40
    exp                   go to state 41
    factor                go to state 42
    term                  go to state 43
    relational_exp        go to state 44
    relational_factor     go to state 45
    logical_term          go to state 46
    unary                 go to state 47
    primary               go to state 48
    object_creation       go to state 49
    member_access         go to state 50
    access_modifier       go to state 142
    data_type             go to state 52


State 293

   66 if_statement: IF LP none_or_newlines exp none_or_newlines RP LCB none_or_newlines • statement none_or_newlines RCB none_or_newlines none_or_multiple_elif none_or_newlines none_or_one_else

    CONST         shift, and go to state 1
    ID            shift, and go to state 2
    CLASS_ID      shift, and go to state 3
    DOUBLE_CONST  shift, and go to state 4
    PUBLIC        shift, and go to state 6
    PRIVATE       shift, and go to state 7
    INTEGER       shift, and go to state 8
    CHAR          shift, and go to state 9
    DOUBLE        shift, and go to state 10
    BOOLEAN       shift, and go to state 11
    STRING        shift, and go to state 12
    VOID          shift, and go to state 13
    RETURN        shift, and go to state 14
    IF            shift, and go to state 15
    SWITCH        shift, and go to state 16
    DO            shift, and go to state 17
    FOR           shift, and go to state 18
    BREAK         shift, and go to state 19
    PRINT         shift, and go to state 20
    DQ_STRING_DQ  shift, and go to state 21
    ADD           shift, and go to state 22
    SUB           shift, and go to state 23
    LP            shift, and go to state 24
    NOT           shift, and go to state 25

    ID        [reduce using rule 137 (data_type)]
    $default  reduce using rule 40 (statement)

    assignment_list       go to state 28
    variable_declaration  go to state 29
    variable_reference    go to state 30
    method_declaration    go to state 31
    statement             go to state 305
    method_call           go to state 33
    if_statement          go to state 34
    do_while_statement    go to state 35
    for_statement         go to state 36
    switch_statement      go to state 37
    return_statement      go to state 38
    break_statement       go to state 39
    print_statement       go to state 40
    exp                   go to state 41
    factor                go to state 42
    term                  go to state 43
    relational_exp        go to state 44
    relational_factor     go to state 45
    logical_term          go to state 46
    unary                 go to state 47
    primary               go to state 48
    object_creation       go to state 49
    member_access         go to state 50
    access_modifier       go to state 142
    data_type             go to state 52


State 294

   67 if_statement: IF LP none_or_newlines relational_exp none_or_newlines RP LCB none_or_newlines • statement none_or_newlines RCB none_or_newlines none_or_multiple_elif none_or_newlines none_or_one_else

    CONST         shift, and go to state 1
    ID            shift, and go to state 2
    CLASS_ID      shift, and go to state 3
    DOUBLE_CONST  shift, and go to state 4
    PUBLIC        shift, and go to state 6
    PRIVATE       shift, and go to state 7
    INTEGER       shift, and go to state 8
    CHAR          shift, and go to state 9
    DOUBLE        shift, and go to state 10
    BOOLEAN       shift, and go to state 11
    STRING        shift, and go to state 12
    VOID          shift, and go to state 13
    RETURN        shift, and go to state 14
    IF            shift, and go to state 15
    SWITCH        shift, and go to state 16
    DO            shift, and go to state 17
    FOR           shift, and go to state 18
    BREAK         shift, and go to state 19
    PRINT         shift, and go to state 20
    DQ_STRING_DQ  shift, and go to state 21
    ADD           shift, and go to state 22
    SUB           shift, and go to state 23
    LP            shift, and go to state 24
    NOT           shift, and go to state 25

    ID        [reduce using rule 137 (data_type)]
    $default  reduce using rule 40 (statement)

    assignment_list       go to state 28
    variable_declaration  go to state 29
    variable_reference    go to state 30
    method_declaration    go to state 31
    statement             go to state 306
    method_call           go to state 33
    if_statement          go to state 34
    do_while_statement    go to state 35
    for_statement         go to state 36
    switch_statement      go to state 37
    return_statement      go to state 38
    break_statement       go to state 39
    print_statement       go to state 40
    exp                   go to state 41
    factor                go to state 42
    term                  go to state 43
    relational_exp        go to state 44
    relational_factor     go to state 45
    logical_term          go to state 46
    unary                 go to state 47
    primary               go to state 48
    object_creation       go to state 49
    member_access         go to state 50
    access_modifier       go to state 142
    data_type             go to state 52


State 295

   85 switch_statement: SWITCH LP none_or_newlines SQ_ANYCHAR_SQ none_or_newlines RP LCB none_or_newlines • one_or_more_cases none_or_newlines default_case none_or_newlines RCB

    CASE  shift, and go to state 307

    one_or_more_cases  go to state 308
    cases              go to state 309


State 296

   84 switch_statement: SWITCH LP none_or_newlines exp none_or_newlines RP LCB none_or_newlines • one_or_more_cases none_or_newlines default_case none_or_newlines RCB

    CASE  shift, and go to state 307

    one_or_more_cases  go to state 310
    cases              go to state 309


State 297

   77 do_while_statement: DO LCB none_or_newlines statement none_or_newlines RCB WHILE LP • none_or_newlines relational_exp none_or_newlines RP SEMICOLON
   78                   | DO LCB none_or_newlines statement none_or_newlines RCB WHILE LP • none_or_newlines variable_reference none_or_newlines RP SEMICOLON

    NEWLINE  shift, and go to state 78

    $default  reduce using rule 144 (none_or_newlines)

    none_or_newlines  go to state 311


State 298

   79 for_statement: FOR LP none_or_newlines first_and_third_loop_statement SEMICOLON none_or_newlines second_loop_statement SEMICOLON • none_or_newlines first_and_third_loop_statement none_or_newlines RP LCB none_or_newlines statement none_or_newlines RCB

    NEWLINE  shift, and go to state 78

    NEWLINE   [reduce using rule 144 (none_or_newlines)]
    $default  reduce using rule 144 (none_or_newlines)

    none_or_newlines  go to state 312


State 299

    5 class_declaration: access_modifier CLASS CLASS_ID LCB $@1 none_or_newlines class_body none_or_newlines • RCB

    RCB  shift, and go to state 313


State 300

   30 method_declaration: access_modifier data_type ID LP none_or_newlines none_or_multiple_parameters none_or_newlines RP • LCB $@3 none_or_newlines method_body none_or_newlines RCB

    LCB  shift, and go to state 314


State 301

   32 method_declaration: data_type ID LP none_or_newlines none_or_multiple_parameters none_or_newlines RP LCB • $@4 none_or_newlines method_body none_or_newlines RCB

    $default  reduce using rule 31 ($@4)

    $@4  go to state 315


State 302

   36 parameters: COMMA none_or_newlines parameter • parameters

    COMMA  shift, and go to state 261

    $default  reduce using rule 35 (parameters)

    parameters  go to state 316


State 303

   68 if_statement: IF LP none_or_newlines variable_reference none_or_newlines RP LCB none_or_newlines statement • none_or_newlines RCB none_or_newlines none_or_multiple_elif none_or_newlines none_or_one_else

    NEWLINE  shift, and go to state 78

    $default  reduce using rule 144 (none_or_newlines)

    none_or_newlines  go to state 317


State 304

   69 if_statement: IF LP none_or_newlines method_call none_or_newlines RP LCB none_or_newlines statement • none_or_newlines RCB none_or_newlines none_or_multiple_elif none_or_newlines none_or_one_else

    NEWLINE  shift, and go to state 78

    $default  reduce using rule 144 (none_or_newlines)

    none_or_newlines  go to state 318


State 305

   66 if_statement: IF LP none_or_newlines exp none_or_newlines RP LCB none_or_newlines statement • none_or_newlines RCB none_or_newlines none_or_multiple_elif none_or_newlines none_or_one_else

    NEWLINE  shift, and go to state 78

    $default  reduce using rule 144 (none_or_newlines)

    none_or_newlines  go to state 319


State 306

   67 if_statement: IF LP none_or_newlines relational_exp none_or_newlines RP LCB none_or_newlines statement • none_or_newlines RCB none_or_newlines none_or_multiple_elif none_or_newlines none_or_one_else

    NEWLINE  shift, and go to state 78

    $default  reduce using rule 144 (none_or_newlines)

    none_or_newlines  go to state 320


State 307

   91 cases: CASE • case_expression COLON none_or_newlines statement

    CONST          shift, and go to state 321
    SQ_ANYCHAR_SQ  shift, and go to state 322

    case_expression  go to state 323


State 308

   85 switch_statement: SWITCH LP none_or_newlines SQ_ANYCHAR_SQ none_or_newlines RP LCB none_or_newlines one_or_more_cases • none_or_newlines default_case none_or_newlines RCB

    NEWLINE  shift, and go to state 78

    NEWLINE   [reduce using rule 144 (none_or_newlines)]
    $default  reduce using rule 144 (none_or_newlines)

    none_or_newlines  go to state 324


State 309

   88 one_or_more_cases: cases • none_or_newlines multiple_cases

    NEWLINE  shift, and go to state 78

    NEWLINE   [reduce using rule 144 (none_or_newlines)]
    $default  reduce using rule 144 (none_or_newlines)

    none_or_newlines  go to state 325


State 310

   84 switch_statement: SWITCH LP none_or_newlines exp none_or_newlines RP LCB none_or_newlines one_or_more_cases • none_or_newlines default_case none_or_newlines RCB

    NEWLINE  shift, and go to state 78

    NEWLINE   [reduce using rule 144 (none_or_newlines)]
    $default  reduce using rule 144 (none_or_newlines)

    none_or_newlines  go to state 326


State 311

   77 do_while_statement: DO LCB none_or_newlines statement none_or_newlines RCB WHILE LP none_or_newlines • relational_exp none_or_newlines RP SEMICOLON
   78                   | DO LCB none_or_newlines statement none_or_newlines RCB WHILE LP none_or_newlines • variable_reference none_or_newlines RP SEMICOLON

    CONST         shift, and go to state 1
    ID            shift, and go to state 70
    DOUBLE_CONST  shift, and go to state 4
    ADD           shift, and go to state 22
    SUB           shift, and go to state 23
    LP            shift, and go to state 24
    NOT           shift, and go to state 25

    variable_reference  go to state 327
    relational_exp      go to state 328
    relational_factor   go to state 45
    logical_term        go to state 46
    unary               go to state 161
    primary             go to state 48


State 312

   79 for_statement: FOR LP none_or_newlines first_and_third_loop_statement SEMICOLON none_or_newlines second_loop_statement SEMICOLON none_or_newlines • first_and_third_loop_statement none_or_newlines RP LCB none_or_newlines statement none_or_newlines RCB

    INTEGER  shift, and go to state 8
    CHAR     shift, and go to state 9
    DOUBLE   shift, and go to state 10
    BOOLEAN  shift, and go to state 11
    STRING   shift, and go to state 12
    VOID     shift, and go to state 13

    ID        reduce using rule 137 (data_type)
    $default  reduce using rule 80 (first_and_third_loop_statement)

    assignment_statement            go to state 197
    first_and_third_loop_statement  go to state 329
    data_type                       go to state 199


State 313

    5 class_declaration: access_modifier CLASS CLASS_ID LCB $@1 none_or_newlines class_body none_or_newlines RCB •

    $default  reduce using rule 5 (class_declaration)


State 314

   30 method_declaration: access_modifier data_type ID LP none_or_newlines none_or_multiple_parameters none_or_newlines RP LCB • $@3 none_or_newlines method_body none_or_newlines RCB

    $default  reduce using rule 29 ($@3)

    $@3  go to state 330


State 315

   32 method_declaration: data_type ID LP none_or_newlines none_or_multiple_parameters none_or_newlines RP LCB $@4 • none_or_newlines method_body none_or_newlines RCB

    NEWLINE  shift, and go to state 78

    NEWLINE   [reduce using rule 144 (none_or_newlines)]
    $default  reduce using rule 144 (none_or_newlines)

    none_or_newlines  go to state 331


State 316

   36 parameters: COMMA none_or_newlines parameter parameters •

    $default  reduce using rule 36 (parameters)


State 317

   68 if_statement: IF LP none_or_newlines variable_reference none_or_newlines RP LCB none_or_newlines statement none_or_newlines • RCB none_or_newlines none_or_multiple_elif none_or_newlines none_or_one_else

    RCB  shift, and go to state 332


State 318

   69 if_statement: IF LP none_or_newlines method_call none_or_newlines RP LCB none_or_newlines statement none_or_newlines • RCB none_or_newlines none_or_multiple_elif none_or_newlines none_or_one_else

    RCB  shift, and go to state 333


State 319

   66 if_statement: IF LP none_or_newlines exp none_or_newlines RP LCB none_or_newlines statement none_or_newlines • RCB none_or_newlines none_or_multiple_elif none_or_newlines none_or_one_else

    RCB  shift, and go to state 334


State 320

   67 if_statement: IF LP none_or_newlines relational_exp none_or_newlines RP LCB none_or_newlines statement none_or_newlines • RCB none_or_newlines none_or_multiple_elif none_or_newlines none_or_one_else

    RCB  shift, and go to state 335


State 321

   92 case_expression: CONST •

    $default  reduce using rule 92 (case_expression)


State 322

   93 case_expression: SQ_ANYCHAR_SQ •

    $default  reduce using rule 93 (case_expression)


State 323

   91 cases: CASE case_expression • COLON none_or_newlines statement

    COLON  shift, and go to state 336


State 324

   85 switch_statement: SWITCH LP none_or_newlines SQ_ANYCHAR_SQ none_or_newlines RP LCB none_or_newlines one_or_more_cases none_or_newlines • default_case none_or_newlines RCB

    DEFAULT  shift, and go to state 337

    $default  reduce using rule 86 (default_case)

    default_case  go to state 338


State 325

   88 one_or_more_cases: cases none_or_newlines • multiple_cases

    CASE  shift, and go to state 307

    $default  reduce using rule 89 (multiple_cases)

    multiple_cases  go to state 339
    cases           go to state 340


State 326

   84 switch_statement: SWITCH LP none_or_newlines exp none_or_newlines RP LCB none_or_newlines one_or_more_cases none_or_newlines • default_case none_or_newlines RCB

    DEFAULT  shift, and go to state 337

    $default  reduce using rule 86 (default_case)

    default_case  go to state 341


State 327

   78 do_while_statement: DO LCB none_or_newlines statement none_or_newlines RCB WHILE LP none_or_newlines variable_reference • none_or_newlines RP SEMICOLON
  127 primary: variable_reference •

    NEWLINE  shift, and go to state 78

    NEWLINE   [reduce using rule 127 (primary)]
    RP        reduce using rule 127 (primary)
    RP        [reduce using rule 144 (none_or_newlines)]
    $default  reduce using rule 127 (primary)

    none_or_newlines  go to state 342


State 328

   77 do_while_statement: DO LCB none_or_newlines statement none_or_newlines RCB WHILE LP none_or_newlines relational_exp • none_or_newlines RP SEMICOLON
  111 relational_exp: relational_exp • EQ relational_factor
  112               | relational_exp • NEQ relational_factor
  113               | relational_exp • LT relational_factor
  114               | relational_exp • GT relational_factor
  115               | relational_exp • LE relational_factor
  116               | relational_exp • GE relational_factor

    NEWLINE  shift, and go to state 78
    EQ       shift, and go to state 100
    NEQ      shift, and go to state 101
    LT       shift, and go to state 102
    GT       shift, and go to state 103
    LE       shift, and go to state 104
    GE       shift, and go to state 105

    $default  reduce using rule 144 (none_or_newlines)

    none_or_newlines  go to state 343


State 329

   79 for_statement: FOR LP none_or_newlines first_and_third_loop_statement SEMICOLON none_or_newlines second_loop_statement SEMICOLON none_or_newlines first_and_third_loop_statement • none_or_newlines RP LCB none_or_newlines statement none_or_newlines RCB

    NEWLINE  shift, and go to state 78

    $default  reduce using rule 144 (none_or_newlines)

    none_or_newlines  go to state 344


State 330

   30 method_declaration: access_modifier data_type ID LP none_or_newlines none_or_multiple_parameters none_or_newlines RP LCB $@3 • none_or_newlines method_body none_or_newlines RCB

    NEWLINE  shift, and go to state 78

    NEWLINE   [reduce using rule 144 (none_or_newlines)]
    $default  reduce using rule 144 (none_or_newlines)

    none_or_newlines  go to state 345


State 331

   32 method_declaration: data_type ID LP none_or_newlines none_or_multiple_parameters none_or_newlines RP LCB $@4 none_or_newlines • method_body none_or_newlines RCB

    CONST         shift, and go to state 1
    ID            shift, and go to state 2
    CLASS_ID      shift, and go to state 3
    DOUBLE_CONST  shift, and go to state 4
    PUBLIC        shift, and go to state 6
    PRIVATE       shift, and go to state 7
    INTEGER       shift, and go to state 8
    CHAR          shift, and go to state 9
    DOUBLE        shift, and go to state 10
    BOOLEAN       shift, and go to state 11
    STRING        shift, and go to state 12
    VOID          shift, and go to state 13
    RETURN        shift, and go to state 14
    IF            shift, and go to state 15
    SWITCH        shift, and go to state 16
    DO            shift, and go to state 17
    FOR           shift, and go to state 18
    BREAK         shift, and go to state 19
    PRINT         shift, and go to state 20
    DQ_STRING_DQ  shift, and go to state 21
    ADD           shift, and go to state 22
    SUB           shift, and go to state 23
    LP            shift, and go to state 24
    NOT           shift, and go to state 25

    CONST         [reduce using rule 40 (statement)]
    ID            [reduce using rule 40 (statement)]
    ID            [reduce using rule 137 (data_type)]
    CLASS_ID      [reduce using rule 40 (statement)]
    DOUBLE_CONST  [reduce using rule 40 (statement)]
    NEWLINE       reduce using rule 38 (method_body)
    NEWLINE       [reduce using rule 40 (statement)]
    PUBLIC        [reduce using rule 40 (statement)]
    PRIVATE       [reduce using rule 40 (statement)]
    INTEGER       [reduce using rule 40 (statement)]
    CHAR          [reduce using rule 40 (statement)]
    DOUBLE        [reduce using rule 40 (statement)]
    BOOLEAN       [reduce using rule 40 (statement)]
    STRING        [reduce using rule 40 (statement)]
    VOID          [reduce using rule 40 (statement)]
    RETURN        [reduce using rule 40 (statement)]
    IF            [reduce using rule 40 (statement)]
    SWITCH        [reduce using rule 40 (statement)]
    DO            [reduce using rule 40 (statement)]
    FOR           [reduce using rule 40 (statement)]
    BREAK         [reduce using rule 40 (statement)]
    PRINT         [reduce using rule 40 (statement)]
    DQ_STRING_DQ  [reduce using rule 40 (statement)]
    ADD           [reduce using rule 40 (statement)]
    SUB           [reduce using rule 40 (statement)]
    LP            [reduce using rule 40 (statement)]
    RCB           reduce using rule 38 (method_body)
    RCB           [reduce using rule 40 (statement)]
    NOT           [reduce using rule 40 (statement)]
    $default      reduce using rule 38 (method_body)

    assignment_list       go to state 28
    variable_declaration  go to state 29
    variable_reference    go to state 30
    method_declaration    go to state 31
    method_body           go to state 346
    statement             go to state 347
    method_call           go to state 33
    if_statement          go to state 34
    do_while_statement    go to state 35
    for_statement         go to state 36
    switch_statement      go to state 37
    return_statement      go to state 38
    break_statement       go to state 39
    print_statement       go to state 40
    exp                   go to state 41
    factor                go to state 42
    term                  go to state 43
    relational_exp        go to state 44
    relational_factor     go to state 45
    logical_term          go to state 46
    unary                 go to state 47
    primary               go to state 48
    object_creation       go to state 49
    member_access         go to state 50
    access_modifier       go to state 142
    data_type             go to state 52


State 332

   68 if_statement: IF LP none_or_newlines variable_reference none_or_newlines RP LCB none_or_newlines statement none_or_newlines RCB • none_or_newlines none_or_multiple_elif none_or_newlines none_or_one_else

    NEWLINE  shift, and go to state 78

    NEWLINE   [reduce using rule 144 (none_or_newlines)]
    $default  reduce using rule 144 (none_or_newlines)

    none_or_newlines  go to state 348


State 333

   69 if_statement: IF LP none_or_newlines method_call none_or_newlines RP LCB none_or_newlines statement none_or_newlines RCB • none_or_newlines none_or_multiple_elif none_or_newlines none_or_one_else

    NEWLINE  shift, and go to state 78

    NEWLINE   [reduce using rule 144 (none_or_newlines)]
    $default  reduce using rule 144 (none_or_newlines)

    none_or_newlines  go to state 349


State 334

   66 if_statement: IF LP none_or_newlines exp none_or_newlines RP LCB none_or_newlines statement none_or_newlines RCB • none_or_newlines none_or_multiple_elif none_or_newlines none_or_one_else

    NEWLINE  shift, and go to state 78

    NEWLINE   [reduce using rule 144 (none_or_newlines)]
    $default  reduce using rule 144 (none_or_newlines)

    none_or_newlines  go to state 350


State 335

   67 if_statement: IF LP none_or_newlines relational_exp none_or_newlines RP LCB none_or_newlines statement none_or_newlines RCB • none_or_newlines none_or_multiple_elif none_or_newlines none_or_one_else

    NEWLINE  shift, and go to state 78

    NEWLINE   [reduce using rule 144 (none_or_newlines)]
    $default  reduce using rule 144 (none_or_newlines)

    none_or_newlines  go to state 351


State 336

   91 cases: CASE case_expression COLON • none_or_newlines statement

    NEWLINE  shift, and go to state 78

    NEWLINE   [reduce using rule 144 (none_or_newlines)]
    $default  reduce using rule 144 (none_or_newlines)

    none_or_newlines  go to state 352


State 337

   87 default_case: DEFAULT • COLON none_or_newlines statement

    COLON  shift, and go to state 353


State 338

   85 switch_statement: SWITCH LP none_or_newlines SQ_ANYCHAR_SQ none_or_newlines RP LCB none_or_newlines one_or_more_cases none_or_newlines default_case • none_or_newlines RCB

    NEWLINE  shift, and go to state 78

    $default  reduce using rule 144 (none_or_newlines)

    none_or_newlines  go to state 354


State 339

   88 one_or_more_cases: cases none_or_newlines multiple_cases •

    $default  reduce using rule 88 (one_or_more_cases)


State 340

   90 multiple_cases: cases • none_or_newlines multiple_cases

    NEWLINE  shift, and go to state 78

    NEWLINE   [reduce using rule 144 (none_or_newlines)]
    $default  reduce using rule 144 (none_or_newlines)

    none_or_newlines  go to state 355


State 341

   84 switch_statement: SWITCH LP none_or_newlines exp none_or_newlines RP LCB none_or_newlines one_or_more_cases none_or_newlines default_case • none_or_newlines RCB

    NEWLINE  shift, and go to state 78

    $default  reduce using rule 144 (none_or_newlines)

    none_or_newlines  go to state 356


State 342

   78 do_while_statement: DO LCB none_or_newlines statement none_or_newlines RCB WHILE LP none_or_newlines variable_reference none_or_newlines • RP SEMICOLON

    RP  shift, and go to state 357


State 343

   77 do_while_statement: DO LCB none_or_newlines statement none_or_newlines RCB WHILE LP none_or_newlines relational_exp none_or_newlines • RP SEMICOLON

    RP  shift, and go to state 358


State 344

   79 for_statement: FOR LP none_or_newlines first_and_third_loop_statement SEMICOLON none_or_newlines second_loop_statement SEMICOLON none_or_newlines first_and_third_loop_statement none_or_newlines • RP LCB none_or_newlines statement none_or_newlines RCB

    RP  shift, and go to state 359


State 345

   30 method_declaration: access_modifier data_type ID LP none_or_newlines none_or_multiple_parameters none_or_newlines RP LCB $@3 none_or_newlines • method_body none_or_newlines RCB

    CONST         shift, and go to state 1
    ID            shift, and go to state 2
    CLASS_ID      shift, and go to state 3
    DOUBLE_CONST  shift, and go to state 4
    PUBLIC        shift, and go to state 6
    PRIVATE       shift, and go to state 7
    INTEGER       shift, and go to state 8
    CHAR          shift, and go to state 9
    DOUBLE        shift, and go to state 10
    BOOLEAN       shift, and go to state 11
    STRING        shift, and go to state 12
    VOID          shift, and go to state 13
    RETURN        shift, and go to state 14
    IF            shift, and go to state 15
    SWITCH        shift, and go to state 16
    DO            shift, and go to state 17
    FOR           shift, and go to state 18
    BREAK         shift, and go to state 19
    PRINT         shift, and go to state 20
    DQ_STRING_DQ  shift, and go to state 21
    ADD           shift, and go to state 22
    SUB           shift, and go to state 23
    LP            shift, and go to state 24
    NOT           shift, and go to state 25

    CONST         [reduce using rule 40 (statement)]
    ID            [reduce using rule 40 (statement)]
    ID            [reduce using rule 137 (data_type)]
    CLASS_ID      [reduce using rule 40 (statement)]
    DOUBLE_CONST  [reduce using rule 40 (statement)]
    NEWLINE       reduce using rule 38 (method_body)
    NEWLINE       [reduce using rule 40 (statement)]
    PUBLIC        [reduce using rule 40 (statement)]
    PRIVATE       [reduce using rule 40 (statement)]
    INTEGER       [reduce using rule 40 (statement)]
    CHAR          [reduce using rule 40 (statement)]
    DOUBLE        [reduce using rule 40 (statement)]
    BOOLEAN       [reduce using rule 40 (statement)]
    STRING        [reduce using rule 40 (statement)]
    VOID          [reduce using rule 40 (statement)]
    RETURN        [reduce using rule 40 (statement)]
    IF            [reduce using rule 40 (statement)]
    SWITCH        [reduce using rule 40 (statement)]
    DO            [reduce using rule 40 (statement)]
    FOR           [reduce using rule 40 (statement)]
    BREAK         [reduce using rule 40 (statement)]
    PRINT         [reduce using rule 40 (statement)]
    DQ_STRING_DQ  [reduce using rule 40 (statement)]
    ADD           [reduce using rule 40 (statement)]
    SUB           [reduce using rule 40 (statement)]
    LP            [reduce using rule 40 (statement)]
    RCB           reduce using rule 38 (method_body)
    RCB           [reduce using rule 40 (statement)]
    NOT           [reduce using rule 40 (statement)]
    $default      reduce using rule 38 (method_body)

    assignment_list       go to state 28
    variable_declaration  go to state 29
    variable_reference    go to state 30
    method_declaration    go to state 31
    method_body           go to state 360
    statement             go to state 347
    method_call           go to state 33
    if_statement          go to state 34
    do_while_statement    go to state 35
    for_statement         go to state 36
    switch_statement      go to state 37
    return_statement      go to state 38
    break_statement       go to state 39
    print_statement       go to state 40
    exp                   go to state 41
    factor                go to state 42
    term                  go to state 43
    relational_exp        go to state 44
    relational_factor     go to state 45
    logical_term          go to state 46
    unary                 go to state 47
    primary               go to state 48
    object_creation       go to state 49
    member_access         go to state 50
    access_modifier       go to state 142
    data_type             go to state 52


State 346

   32 method_declaration: data_type ID LP none_or_newlines none_or_multiple_parameters none_or_newlines RP LCB $@4 none_or_newlines method_body • none_or_newlines RCB

    NEWLINE  shift, and go to state 78

    $default  reduce using rule 144 (none_or_newlines)

    none_or_newlines  go to state 361


State 347

   39 method_body: statement • none_or_newlines method_body

    NEWLINE  shift, and go to state 78

    NEWLINE   [reduce using rule 144 (none_or_newlines)]
    $default  reduce using rule 144 (none_or_newlines)

    none_or_newlines  go to state 362


State 348

   68 if_statement: IF LP none_or_newlines variable_reference none_or_newlines RP LCB none_or_newlines statement none_or_newlines RCB none_or_newlines • none_or_multiple_elif none_or_newlines none_or_one_else

    ELIF  shift, and go to state 363

    $default  reduce using rule 70 (none_or_multiple_elif)

    none_or_multiple_elif  go to state 364


State 349

   69 if_statement: IF LP none_or_newlines method_call none_or_newlines RP LCB none_or_newlines statement none_or_newlines RCB none_or_newlines • none_or_multiple_elif none_or_newlines none_or_one_else

    ELIF  shift, and go to state 363

    $default  reduce using rule 70 (none_or_multiple_elif)

    none_or_multiple_elif  go to state 365


State 350

   66 if_statement: IF LP none_or_newlines exp none_or_newlines RP LCB none_or_newlines statement none_or_newlines RCB none_or_newlines • none_or_multiple_elif none_or_newlines none_or_one_else

    ELIF  shift, and go to state 363

    $default  reduce using rule 70 (none_or_multiple_elif)

    none_or_multiple_elif  go to state 366


State 351

   67 if_statement: IF LP none_or_newlines relational_exp none_or_newlines RP LCB none_or_newlines statement none_or_newlines RCB none_or_newlines • none_or_multiple_elif none_or_newlines none_or_one_else

    ELIF  shift, and go to state 363

    $default  reduce using rule 70 (none_or_multiple_elif)

    none_or_multiple_elif  go to state 367


State 352

   91 cases: CASE case_expression COLON none_or_newlines • statement

    CONST         shift, and go to state 1
    ID            shift, and go to state 2
    CLASS_ID      shift, and go to state 3
    DOUBLE_CONST  shift, and go to state 4
    PUBLIC        shift, and go to state 6
    PRIVATE       shift, and go to state 7
    INTEGER       shift, and go to state 8
    CHAR          shift, and go to state 9
    DOUBLE        shift, and go to state 10
    BOOLEAN       shift, and go to state 11
    STRING        shift, and go to state 12
    VOID          shift, and go to state 13
    RETURN        shift, and go to state 14
    IF            shift, and go to state 15
    SWITCH        shift, and go to state 16
    DO            shift, and go to state 17
    FOR           shift, and go to state 18
    BREAK         shift, and go to state 19
    PRINT         shift, and go to state 20
    DQ_STRING_DQ  shift, and go to state 21
    ADD           shift, and go to state 22
    SUB           shift, and go to state 23
    LP            shift, and go to state 24
    NOT           shift, and go to state 25

    ID        [reduce using rule 137 (data_type)]
    $default  reduce using rule 40 (statement)

    assignment_list       go to state 28
    variable_declaration  go to state 29
    variable_reference    go to state 30
    method_declaration    go to state 31
    statement             go to state 368
    method_call           go to state 33
    if_statement          go to state 34
    do_while_statement    go to state 35
    for_statement         go to state 36
    switch_statement      go to state 37
    return_statement      go to state 38
    break_statement       go to state 39
    print_statement       go to state 40
    exp                   go to state 41
    factor                go to state 42
    term                  go to state 43
    relational_exp        go to state 44
    relational_factor     go to state 45
    logical_term          go to state 46
    unary                 go to state 47
    primary               go to state 48
    object_creation       go to state 49
    member_access         go to state 50
    access_modifier       go to state 142
    data_type             go to state 52


State 353

   87 default_case: DEFAULT COLON • none_or_newlines statement

    NEWLINE  shift, and go to state 78

    NEWLINE   [reduce using rule 144 (none_or_newlines)]
    $default  reduce using rule 144 (none_or_newlines)

    none_or_newlines  go to state 369


State 354

   85 switch_statement: SWITCH LP none_or_newlines SQ_ANYCHAR_SQ none_or_newlines RP LCB none_or_newlines one_or_more_cases none_or_newlines default_case none_or_newlines • RCB

    RCB  shift, and go to state 370


State 355

   90 multiple_cases: cases none_or_newlines • multiple_cases

    CASE  shift, and go to state 307

    $default  reduce using rule 89 (multiple_cases)

    multiple_cases  go to state 371
    cases           go to state 340


State 356

   84 switch_statement: SWITCH LP none_or_newlines exp none_or_newlines RP LCB none_or_newlines one_or_more_cases none_or_newlines default_case none_or_newlines • RCB

    RCB  shift, and go to state 372


State 357

   78 do_while_statement: DO LCB none_or_newlines statement none_or_newlines RCB WHILE LP none_or_newlines variable_reference none_or_newlines RP • SEMICOLON

    SEMICOLON  shift, and go to state 373


State 358

   77 do_while_statement: DO LCB none_or_newlines statement none_or_newlines RCB WHILE LP none_or_newlines relational_exp none_or_newlines RP • SEMICOLON

    SEMICOLON  shift, and go to state 374


State 359

   79 for_statement: FOR LP none_or_newlines first_and_third_loop_statement SEMICOLON none_or_newlines second_loop_statement SEMICOLON none_or_newlines first_and_third_loop_statement none_or_newlines RP • LCB none_or_newlines statement none_or_newlines RCB

    LCB  shift, and go to state 375


State 360

   30 method_declaration: access_modifier data_type ID LP none_or_newlines none_or_multiple_parameters none_or_newlines RP LCB $@3 none_or_newlines method_body • none_or_newlines RCB

    NEWLINE  shift, and go to state 78

    $default  reduce using rule 144 (none_or_newlines)

    none_or_newlines  go to state 376


State 361

   32 method_declaration: data_type ID LP none_or_newlines none_or_multiple_parameters none_or_newlines RP LCB $@4 none_or_newlines method_body none_or_newlines • RCB

    RCB  shift, and go to state 377


State 362

   39 method_body: statement none_or_newlines • method_body

    CONST         shift, and go to state 1
    ID            shift, and go to state 2
    CLASS_ID      shift, and go to state 3
    DOUBLE_CONST  shift, and go to state 4
    PUBLIC        shift, and go to state 6
    PRIVATE       shift, and go to state 7
    INTEGER       shift, and go to state 8
    CHAR          shift, and go to state 9
    DOUBLE        shift, and go to state 10
    BOOLEAN       shift, and go to state 11
    STRING        shift, and go to state 12
    VOID          shift, and go to state 13
    RETURN        shift, and go to state 14
    IF            shift, and go to state 15
    SWITCH        shift, and go to state 16
    DO            shift, and go to state 17
    FOR           shift, and go to state 18
    BREAK         shift, and go to state 19
    PRINT         shift, and go to state 20
    DQ_STRING_DQ  shift, and go to state 21
    ADD           shift, and go to state 22
    SUB           shift, and go to state 23
    LP            shift, and go to state 24
    NOT           shift, and go to state 25

    CONST         [reduce using rule 40 (statement)]
    ID            [reduce using rule 40 (statement)]
    ID            [reduce using rule 137 (data_type)]
    CLASS_ID      [reduce using rule 40 (statement)]
    DOUBLE_CONST  [reduce using rule 40 (statement)]
    NEWLINE       reduce using rule 38 (method_body)
    NEWLINE       [reduce using rule 40 (statement)]
    PUBLIC        [reduce using rule 40 (statement)]
    PRIVATE       [reduce using rule 40 (statement)]
    INTEGER       [reduce using rule 40 (statement)]
    CHAR          [reduce using rule 40 (statement)]
    DOUBLE        [reduce using rule 40 (statement)]
    BOOLEAN       [reduce using rule 40 (statement)]
    STRING        [reduce using rule 40 (statement)]
    VOID          [reduce using rule 40 (statement)]
    RETURN        [reduce using rule 40 (statement)]
    IF            [reduce using rule 40 (statement)]
    SWITCH        [reduce using rule 40 (statement)]
    DO            [reduce using rule 40 (statement)]
    FOR           [reduce using rule 40 (statement)]
    BREAK         [reduce using rule 40 (statement)]
    PRINT         [reduce using rule 40 (statement)]
    DQ_STRING_DQ  [reduce using rule 40 (statement)]
    ADD           [reduce using rule 40 (statement)]
    SUB           [reduce using rule 40 (statement)]
    LP            [reduce using rule 40 (statement)]
    RCB           reduce using rule 38 (method_body)
    RCB           [reduce using rule 40 (statement)]
    NOT           [reduce using rule 40 (statement)]
    $default      reduce using rule 38 (method_body)

    assignment_list       go to state 28
    variable_declaration  go to state 29
    variable_reference    go to state 30
    method_declaration    go to state 31
    method_body           go to state 378
    statement             go to state 347
    method_call           go to state 33
    if_statement          go to state 34
    do_while_statement    go to state 35
    for_statement         go to state 36
    switch_statement      go to state 37
    return_statement      go to state 38
    break_statement       go to state 39
    print_statement       go to state 40
    exp                   go to state 41
    factor                go to state 42
    term                  go to state 43
    relational_exp        go to state 44
    relational_factor     go to state 45
    logical_term          go to state 46
    unary                 go to state 47
    primary               go to state 48
    object_creation       go to state 49
    member_access         go to state 50
    access_modifier       go to state 142
    data_type             go to state 52


State 363

   71 none_or_multiple_elif: ELIF • LP exp RP LCB none_or_newlines statement none_or_newlines RCB none_or_multiple_elif
   72                      | ELIF • LP relational_exp RP LCB none_or_newlines statement none_or_newlines RCB none_or_multiple_elif
   73                      | ELIF • LP variable_reference RP LCB none_or_newlines statement none_or_newlines RCB none_or_multiple_elif
   74                      | ELIF • LP method_call RP LCB none_or_newlines statement none_or_newlines RCB none_or_multiple_elif

    LP  shift, and go to state 379


State 364

   68 if_statement: IF LP none_or_newlines variable_reference none_or_newlines RP LCB none_or_newlines statement none_or_newlines RCB none_or_newlines none_or_multiple_elif • none_or_newlines none_or_one_else

    NEWLINE  shift, and go to state 78

    NEWLINE   [reduce using rule 144 (none_or_newlines)]
    $default  reduce using rule 144 (none_or_newlines)

    none_or_newlines  go to state 380


State 365

   69 if_statement: IF LP none_or_newlines method_call none_or_newlines RP LCB none_or_newlines statement none_or_newlines RCB none_or_newlines none_or_multiple_elif • none_or_newlines none_or_one_else

    NEWLINE  shift, and go to state 78

    NEWLINE   [reduce using rule 144 (none_or_newlines)]
    $default  reduce using rule 144 (none_or_newlines)

    none_or_newlines  go to state 381


State 366

   66 if_statement: IF LP none_or_newlines exp none_or_newlines RP LCB none_or_newlines statement none_or_newlines RCB none_or_newlines none_or_multiple_elif • none_or_newlines none_or_one_else

    NEWLINE  shift, and go to state 78

    NEWLINE   [reduce using rule 144 (none_or_newlines)]
    $default  reduce using rule 144 (none_or_newlines)

    none_or_newlines  go to state 382


State 367

   67 if_statement: IF LP none_or_newlines relational_exp none_or_newlines RP LCB none_or_newlines statement none_or_newlines RCB none_or_newlines none_or_multiple_elif • none_or_newlines none_or_one_else

    NEWLINE  shift, and go to state 78

    NEWLINE   [reduce using rule 144 (none_or_newlines)]
    $default  reduce using rule 144 (none_or_newlines)

    none_or_newlines  go to state 383


State 368

   91 cases: CASE case_expression COLON none_or_newlines statement •

    $default  reduce using rule 91 (cases)


State 369

   87 default_case: DEFAULT COLON none_or_newlines • statement

    CONST         shift, and go to state 1
    ID            shift, and go to state 2
    CLASS_ID      shift, and go to state 3
    DOUBLE_CONST  shift, and go to state 4
    PUBLIC        shift, and go to state 6
    PRIVATE       shift, and go to state 7
    INTEGER       shift, and go to state 8
    CHAR          shift, and go to state 9
    DOUBLE        shift, and go to state 10
    BOOLEAN       shift, and go to state 11
    STRING        shift, and go to state 12
    VOID          shift, and go to state 13
    RETURN        shift, and go to state 14
    IF            shift, and go to state 15
    SWITCH        shift, and go to state 16
    DO            shift, and go to state 17
    FOR           shift, and go to state 18
    BREAK         shift, and go to state 19
    PRINT         shift, and go to state 20
    DQ_STRING_DQ  shift, and go to state 21
    ADD           shift, and go to state 22
    SUB           shift, and go to state 23
    LP            shift, and go to state 24
    NOT           shift, and go to state 25

    ID        [reduce using rule 137 (data_type)]
    $default  reduce using rule 40 (statement)

    assignment_list       go to state 28
    variable_declaration  go to state 29
    variable_reference    go to state 30
    method_declaration    go to state 31
    statement             go to state 384
    method_call           go to state 33
    if_statement          go to state 34
    do_while_statement    go to state 35
    for_statement         go to state 36
    switch_statement      go to state 37
    return_statement      go to state 38
    break_statement       go to state 39
    print_statement       go to state 40
    exp                   go to state 41
    factor                go to state 42
    term                  go to state 43
    relational_exp        go to state 44
    relational_factor     go to state 45
    logical_term          go to state 46
    unary                 go to state 47
    primary               go to state 48
    object_creation       go to state 49
    member_access         go to state 50
    access_modifier       go to state 142
    data_type             go to state 52


State 370

   85 switch_statement: SWITCH LP none_or_newlines SQ_ANYCHAR_SQ none_or_newlines RP LCB none_or_newlines one_or_more_cases none_or_newlines default_case none_or_newlines RCB •

    $default  reduce using rule 85 (switch_statement)


State 371

   90 multiple_cases: cases none_or_newlines multiple_cases •

    $default  reduce using rule 90 (multiple_cases)


State 372

   84 switch_statement: SWITCH LP none_or_newlines exp none_or_newlines RP LCB none_or_newlines one_or_more_cases none_or_newlines default_case none_or_newlines RCB •

    $default  reduce using rule 84 (switch_statement)


State 373

   78 do_while_statement: DO LCB none_or_newlines statement none_or_newlines RCB WHILE LP none_or_newlines variable_reference none_or_newlines RP SEMICOLON •

    $default  reduce using rule 78 (do_while_statement)


State 374

   77 do_while_statement: DO LCB none_or_newlines statement none_or_newlines RCB WHILE LP none_or_newlines relational_exp none_or_newlines RP SEMICOLON •

    $default  reduce using rule 77 (do_while_statement)


State 375

   79 for_statement: FOR LP none_or_newlines first_and_third_loop_statement SEMICOLON none_or_newlines second_loop_statement SEMICOLON none_or_newlines first_and_third_loop_statement none_or_newlines RP LCB • none_or_newlines statement none_or_newlines RCB

    NEWLINE  shift, and go to state 78

    NEWLINE   [reduce using rule 144 (none_or_newlines)]
    $default  reduce using rule 144 (none_or_newlines)

    none_or_newlines  go to state 385


State 376

   30 method_declaration: access_modifier data_type ID LP none_or_newlines none_or_multiple_parameters none_or_newlines RP LCB $@3 none_or_newlines method_body none_or_newlines • RCB

    RCB  shift, and go to state 386


State 377

   32 method_declaration: data_type ID LP none_or_newlines none_or_multiple_parameters none_or_newlines RP LCB $@4 none_or_newlines method_body none_or_newlines RCB •

    $default  reduce using rule 32 (method_declaration)


State 378

   39 method_body: statement none_or_newlines method_body •

    $default  reduce using rule 39 (method_body)


State 379

   71 none_or_multiple_elif: ELIF LP • exp RP LCB none_or_newlines statement none_or_newlines RCB none_or_multiple_elif
   72                      | ELIF LP • relational_exp RP LCB none_or_newlines statement none_or_newlines RCB none_or_multiple_elif
   73                      | ELIF LP • variable_reference RP LCB none_or_newlines statement none_or_newlines RCB none_or_multiple_elif
   74                      | ELIF LP • method_call RP LCB none_or_newlines statement none_or_newlines RCB none_or_multiple_elif

    CONST         shift, and go to state 1
    ID            shift, and go to state 58
    DOUBLE_CONST  shift, and go to state 4
    ADD           shift, and go to state 22
    SUB           shift, and go to state 23
    LP            shift, and go to state 24
    NOT           shift, and go to state 25

    variable_reference  go to state 387
    method_call         go to state 388
    exp                 go to state 389
    factor              go to state 42
    term                go to state 43
    relational_exp      go to state 390
    relational_factor   go to state 45
    logical_term        go to state 46
    unary               go to state 47
    primary             go to state 48


State 380

   68 if_statement: IF LP none_or_newlines variable_reference none_or_newlines RP LCB none_or_newlines statement none_or_newlines RCB none_or_newlines none_or_multiple_elif none_or_newlines • none_or_one_else

    ELSE  shift, and go to state 391

    $default  reduce using rule 75 (none_or_one_else)

    none_or_one_else  go to state 392


State 381

   69 if_statement: IF LP none_or_newlines method_call none_or_newlines RP LCB none_or_newlines statement none_or_newlines RCB none_or_newlines none_or_multiple_elif none_or_newlines • none_or_one_else

    ELSE  shift, and go to state 391

    $default  reduce using rule 75 (none_or_one_else)

    none_or_one_else  go to state 393


State 382

   66 if_statement: IF LP none_or_newlines exp none_or_newlines RP LCB none_or_newlines statement none_or_newlines RCB none_or_newlines none_or_multiple_elif none_or_newlines • none_or_one_else

    ELSE  shift, and go to state 391

    $default  reduce using rule 75 (none_or_one_else)

    none_or_one_else  go to state 394


State 383

   67 if_statement: IF LP none_or_newlines relational_exp none_or_newlines RP LCB none_or_newlines statement none_or_newlines RCB none_or_newlines none_or_multiple_elif none_or_newlines • none_or_one_else

    ELSE  shift, and go to state 391

    $default  reduce using rule 75 (none_or_one_else)

    none_or_one_else  go to state 395


State 384

   87 default_case: DEFAULT COLON none_or_newlines statement •

    $default  reduce using rule 87 (default_case)


State 385

   79 for_statement: FOR LP none_or_newlines first_and_third_loop_statement SEMICOLON none_or_newlines second_loop_statement SEMICOLON none_or_newlines first_and_third_loop_statement none_or_newlines RP LCB none_or_newlines • statement none_or_newlines RCB

    CONST         shift, and go to state 1
    ID            shift, and go to state 2
    CLASS_ID      shift, and go to state 3
    DOUBLE_CONST  shift, and go to state 4
    PUBLIC        shift, and go to state 6
    PRIVATE       shift, and go to state 7
    INTEGER       shift, and go to state 8
    CHAR          shift, and go to state 9
    DOUBLE        shift, and go to state 10
    BOOLEAN       shift, and go to state 11
    STRING        shift, and go to state 12
    VOID          shift, and go to state 13
    RETURN        shift, and go to state 14
    IF            shift, and go to state 15
    SWITCH        shift, and go to state 16
    DO            shift, and go to state 17
    FOR           shift, and go to state 18
    BREAK         shift, and go to state 19
    PRINT         shift, and go to state 20
    DQ_STRING_DQ  shift, and go to state 21
    ADD           shift, and go to state 22
    SUB           shift, and go to state 23
    LP            shift, and go to state 24
    NOT           shift, and go to state 25

    ID        [reduce using rule 137 (data_type)]
    $default  reduce using rule 40 (statement)

    assignment_list       go to state 28
    variable_declaration  go to state 29
    variable_reference    go to state 30
    method_declaration    go to state 31
    statement             go to state 396
    method_call           go to state 33
    if_statement          go to state 34
    do_while_statement    go to state 35
    for_statement         go to state 36
    switch_statement      go to state 37
    return_statement      go to state 38
    break_statement       go to state 39
    print_statement       go to state 40
    exp                   go to state 41
    factor                go to state 42
    term                  go to state 43
    relational_exp        go to state 44
    relational_factor     go to state 45
    logical_term          go to state 46
    unary                 go to state 47
    primary               go to state 48
    object_creation       go to state 49
    member_access         go to state 50
    access_modifier       go to state 142
    data_type             go to state 52


State 386

   30 method_declaration: access_modifier data_type ID LP none_or_newlines none_or_multiple_parameters none_or_newlines RP LCB $@3 none_or_newlines method_body none_or_newlines RCB •

    $default  reduce using rule 30 (method_declaration)


State 387

   73 none_or_multiple_elif: ELIF LP variable_reference • RP LCB none_or_newlines statement none_or_newlines RCB none_or_multiple_elif
  127 primary: variable_reference •

    RP  shift, and go to state 397

    RP        [reduce using rule 127 (primary)]
    $default  reduce using rule 127 (primary)


State 388

   74 none_or_multiple_elif: ELIF LP method_call • RP LCB none_or_newlines statement none_or_newlines RCB none_or_multiple_elif

    RP  shift, and go to state 398


State 389

   71 none_or_multiple_elif: ELIF LP exp • RP LCB none_or_newlines statement none_or_newlines RCB none_or_multiple_elif
  102 exp: exp • ADD factor
  103    | exp • SUB factor

    ADD  shift, and go to state 93
    SUB  shift, and go to state 94
    RP   shift, and go to state 399


State 390

   72 none_or_multiple_elif: ELIF LP relational_exp • RP LCB none_or_newlines statement none_or_newlines RCB none_or_multiple_elif
  111 relational_exp: relational_exp • EQ relational_factor
  112               | relational_exp • NEQ relational_factor
  113               | relational_exp • LT relational_factor
  114               | relational_exp • GT relational_factor
  115               | relational_exp • LE relational_factor
  116               | relational_exp • GE relational_factor

    RP   shift, and go to state 400
    EQ   shift, and go to state 100
    NEQ  shift, and go to state 101
    LT   shift, and go to state 102
    GT   shift, and go to state 103
    LE   shift, and go to state 104
    GE   shift, and go to state 105


State 391

   76 none_or_one_else: ELSE • LCB none_or_newlines statement none_or_newlines RCB

    LCB  shift, and go to state 401


State 392

   68 if_statement: IF LP none_or_newlines variable_reference none_or_newlines RP LCB none_or_newlines statement none_or_newlines RCB none_or_newlines none_or_multiple_elif none_or_newlines none_or_one_else •

    $default  reduce using rule 68 (if_statement)


State 393

   69 if_statement: IF LP none_or_newlines method_call none_or_newlines RP LCB none_or_newlines statement none_or_newlines RCB none_or_newlines none_or_multiple_elif none_or_newlines none_or_one_else •

    $default  reduce using rule 69 (if_statement)


State 394

   66 if_statement: IF LP none_or_newlines exp none_or_newlines RP LCB none_or_newlines statement none_or_newlines RCB none_or_newlines none_or_multiple_elif none_or_newlines none_or_one_else •

    $default  reduce using rule 66 (if_statement)


State 395

   67 if_statement: IF LP none_or_newlines relational_exp none_or_newlines RP LCB none_or_newlines statement none_or_newlines RCB none_or_newlines none_or_multiple_elif none_or_newlines none_or_one_else •

    $default  reduce using rule 67 (if_statement)


State 396

   79 for_statement: FOR LP none_or_newlines first_and_third_loop_statement SEMICOLON none_or_newlines second_loop_statement SEMICOLON none_or_newlines first_and_third_loop_statement none_or_newlines RP LCB none_or_newlines statement • none_or_newlines RCB

    NEWLINE  shift, and go to state 78

    $default  reduce using rule 144 (none_or_newlines)

    none_or_newlines  go to state 402


State 397

   73 none_or_multiple_elif: ELIF LP variable_reference RP • LCB none_or_newlines statement none_or_newlines RCB none_or_multiple_elif

    LCB  shift, and go to state 403


State 398

   74 none_or_multiple_elif: ELIF LP method_call RP • LCB none_or_newlines statement none_or_newlines RCB none_or_multiple_elif

    LCB  shift, and go to state 404


State 399

   71 none_or_multiple_elif: ELIF LP exp RP • LCB none_or_newlines statement none_or_newlines RCB none_or_multiple_elif

    LCB  shift, and go to state 405


State 400

   72 none_or_multiple_elif: ELIF LP relational_exp RP • LCB none_or_newlines statement none_or_newlines RCB none_or_multiple_elif

    LCB  shift, and go to state 406


State 401

   76 none_or_one_else: ELSE LCB • none_or_newlines statement none_or_newlines RCB

    NEWLINE  shift, and go to state 78

    NEWLINE   [reduce using rule 144 (none_or_newlines)]
    $default  reduce using rule 144 (none_or_newlines)

    none_or_newlines  go to state 407


State 402

   79 for_statement: FOR LP none_or_newlines first_and_third_loop_statement SEMICOLON none_or_newlines second_loop_statement SEMICOLON none_or_newlines first_and_third_loop_statement none_or_newlines RP LCB none_or_newlines statement none_or_newlines • RCB

    RCB  shift, and go to state 408


State 403

   73 none_or_multiple_elif: ELIF LP variable_reference RP LCB • none_or_newlines statement none_or_newlines RCB none_or_multiple_elif

    NEWLINE  shift, and go to state 78

    NEWLINE   [reduce using rule 144 (none_or_newlines)]
    $default  reduce using rule 144 (none_or_newlines)

    none_or_newlines  go to state 409


State 404

   74 none_or_multiple_elif: ELIF LP method_call RP LCB • none_or_newlines statement none_or_newlines RCB none_or_multiple_elif

    NEWLINE  shift, and go to state 78

    NEWLINE   [reduce using rule 144 (none_or_newlines)]
    $default  reduce using rule 144 (none_or_newlines)

    none_or_newlines  go to state 410


State 405

   71 none_or_multiple_elif: ELIF LP exp RP LCB • none_or_newlines statement none_or_newlines RCB none_or_multiple_elif

    NEWLINE  shift, and go to state 78

    NEWLINE   [reduce using rule 144 (none_or_newlines)]
    $default  reduce using rule 144 (none_or_newlines)

    none_or_newlines  go to state 411


State 406

   72 none_or_multiple_elif: ELIF LP relational_exp RP LCB • none_or_newlines statement none_or_newlines RCB none_or_multiple_elif

    NEWLINE  shift, and go to state 78

    NEWLINE   [reduce using rule 144 (none_or_newlines)]
    $default  reduce using rule 144 (none_or_newlines)

    none_or_newlines  go to state 412


State 407

   76 none_or_one_else: ELSE LCB none_or_newlines • statement none_or_newlines RCB

    CONST         shift, and go to state 1
    ID            shift, and go to state 2
    CLASS_ID      shift, and go to state 3
    DOUBLE_CONST  shift, and go to state 4
    PUBLIC        shift, and go to state 6
    PRIVATE       shift, and go to state 7
    INTEGER       shift, and go to state 8
    CHAR          shift, and go to state 9
    DOUBLE        shift, and go to state 10
    BOOLEAN       shift, and go to state 11
    STRING        shift, and go to state 12
    VOID          shift, and go to state 13
    RETURN        shift, and go to state 14
    IF            shift, and go to state 15
    SWITCH        shift, and go to state 16
    DO            shift, and go to state 17
    FOR           shift, and go to state 18
    BREAK         shift, and go to state 19
    PRINT         shift, and go to state 20
    DQ_STRING_DQ  shift, and go to state 21
    ADD           shift, and go to state 22
    SUB           shift, and go to state 23
    LP            shift, and go to state 24
    NOT           shift, and go to state 25

    ID        [reduce using rule 137 (data_type)]
    $default  reduce using rule 40 (statement)

    assignment_list       go to state 28
    variable_declaration  go to state 29
    variable_reference    go to state 30
    method_declaration    go to state 31
    statement             go to state 413
    method_call           go to state 33
    if_statement          go to state 34
    do_while_statement    go to state 35
    for_statement         go to state 36
    switch_statement      go to state 37
    return_statement      go to state 38
    break_statement       go to state 39
    print_statement       go to state 40
    exp                   go to state 41
    factor                go to state 42
    term                  go to state 43
    relational_exp        go to state 44
    relational_factor     go to state 45
    logical_term          go to state 46
    unary                 go to state 47
    primary               go to state 48
    object_creation       go to state 49
    member_access         go to state 50
    access_modifier       go to state 142
    data_type             go to state 52


State 408

   79 for_statement: FOR LP none_or_newlines first_and_third_loop_statement SEMICOLON none_or_newlines second_loop_statement SEMICOLON none_or_newlines first_and_third_loop_statement none_or_newlines RP LCB none_or_newlines statement none_or_newlines RCB •

    $default  reduce using rule 79 (for_statement)


State 409

   73 none_or_multiple_elif: ELIF LP variable_reference RP LCB none_or_newlines • statement none_or_newlines RCB none_or_multiple_elif

    CONST         shift, and go to state 1
    ID            shift, and go to state 2
    CLASS_ID      shift, and go to state 3
    DOUBLE_CONST  shift, and go to state 4
    PUBLIC        shift, and go to state 6
    PRIVATE       shift, and go to state 7
    INTEGER       shift, and go to state 8
    CHAR          shift, and go to state 9
    DOUBLE        shift, and go to state 10
    BOOLEAN       shift, and go to state 11
    STRING        shift, and go to state 12
    VOID          shift, and go to state 13
    RETURN        shift, and go to state 14
    IF            shift, and go to state 15
    SWITCH        shift, and go to state 16
    DO            shift, and go to state 17
    FOR           shift, and go to state 18
    BREAK         shift, and go to state 19
    PRINT         shift, and go to state 20
    DQ_STRING_DQ  shift, and go to state 21
    ADD           shift, and go to state 22
    SUB           shift, and go to state 23
    LP            shift, and go to state 24
    NOT           shift, and go to state 25

    ID        [reduce using rule 137 (data_type)]
    $default  reduce using rule 40 (statement)

    assignment_list       go to state 28
    variable_declaration  go to state 29
    variable_reference    go to state 30
    method_declaration    go to state 31
    statement             go to state 414
    method_call           go to state 33
    if_statement          go to state 34
    do_while_statement    go to state 35
    for_statement         go to state 36
    switch_statement      go to state 37
    return_statement      go to state 38
    break_statement       go to state 39
    print_statement       go to state 40
    exp                   go to state 41
    factor                go to state 42
    term                  go to state 43
    relational_exp        go to state 44
    relational_factor     go to state 45
    logical_term          go to state 46
    unary                 go to state 47
    primary               go to state 48
    object_creation       go to state 49
    member_access         go to state 50
    access_modifier       go to state 142
    data_type             go to state 52


State 410

   74 none_or_multiple_elif: ELIF LP method_call RP LCB none_or_newlines • statement none_or_newlines RCB none_or_multiple_elif

    CONST         shift, and go to state 1
    ID            shift, and go to state 2
    CLASS_ID      shift, and go to state 3
    DOUBLE_CONST  shift, and go to state 4
    PUBLIC        shift, and go to state 6
    PRIVATE       shift, and go to state 7
    INTEGER       shift, and go to state 8
    CHAR          shift, and go to state 9
    DOUBLE        shift, and go to state 10
    BOOLEAN       shift, and go to state 11
    STRING        shift, and go to state 12
    VOID          shift, and go to state 13
    RETURN        shift, and go to state 14
    IF            shift, and go to state 15
    SWITCH        shift, and go to state 16
    DO            shift, and go to state 17
    FOR           shift, and go to state 18
    BREAK         shift, and go to state 19
    PRINT         shift, and go to state 20
    DQ_STRING_DQ  shift, and go to state 21
    ADD           shift, and go to state 22
    SUB           shift, and go to state 23
    LP            shift, and go to state 24
    NOT           shift, and go to state 25

    ID        [reduce using rule 137 (data_type)]
    $default  reduce using rule 40 (statement)

    assignment_list       go to state 28
    variable_declaration  go to state 29
    variable_reference    go to state 30
    method_declaration    go to state 31
    statement             go to state 415
    method_call           go to state 33
    if_statement          go to state 34
    do_while_statement    go to state 35
    for_statement         go to state 36
    switch_statement      go to state 37
    return_statement      go to state 38
    break_statement       go to state 39
    print_statement       go to state 40
    exp                   go to state 41
    factor                go to state 42
    term                  go to state 43
    relational_exp        go to state 44
    relational_factor     go to state 45
    logical_term          go to state 46
    unary                 go to state 47
    primary               go to state 48
    object_creation       go to state 49
    member_access         go to state 50
    access_modifier       go to state 142
    data_type             go to state 52


State 411

   71 none_or_multiple_elif: ELIF LP exp RP LCB none_or_newlines • statement none_or_newlines RCB none_or_multiple_elif

    CONST         shift, and go to state 1
    ID            shift, and go to state 2
    CLASS_ID      shift, and go to state 3
    DOUBLE_CONST  shift, and go to state 4
    PUBLIC        shift, and go to state 6
    PRIVATE       shift, and go to state 7
    INTEGER       shift, and go to state 8
    CHAR          shift, and go to state 9
    DOUBLE        shift, and go to state 10
    BOOLEAN       shift, and go to state 11
    STRING        shift, and go to state 12
    VOID          shift, and go to state 13
    RETURN        shift, and go to state 14
    IF            shift, and go to state 15
    SWITCH        shift, and go to state 16
    DO            shift, and go to state 17
    FOR           shift, and go to state 18
    BREAK         shift, and go to state 19
    PRINT         shift, and go to state 20
    DQ_STRING_DQ  shift, and go to state 21
    ADD           shift, and go to state 22
    SUB           shift, and go to state 23
    LP            shift, and go to state 24
    NOT           shift, and go to state 25

    ID        [reduce using rule 137 (data_type)]
    $default  reduce using rule 40 (statement)

    assignment_list       go to state 28
    variable_declaration  go to state 29
    variable_reference    go to state 30
    method_declaration    go to state 31
    statement             go to state 416
    method_call           go to state 33
    if_statement          go to state 34
    do_while_statement    go to state 35
    for_statement         go to state 36
    switch_statement      go to state 37
    return_statement      go to state 38
    break_statement       go to state 39
    print_statement       go to state 40
    exp                   go to state 41
    factor                go to state 42
    term                  go to state 43
    relational_exp        go to state 44
    relational_factor     go to state 45
    logical_term          go to state 46
    unary                 go to state 47
    primary               go to state 48
    object_creation       go to state 49
    member_access         go to state 50
    access_modifier       go to state 142
    data_type             go to state 52


State 412

   72 none_or_multiple_elif: ELIF LP relational_exp RP LCB none_or_newlines • statement none_or_newlines RCB none_or_multiple_elif

    CONST         shift, and go to state 1
    ID            shift, and go to state 2
    CLASS_ID      shift, and go to state 3
    DOUBLE_CONST  shift, and go to state 4
    PUBLIC        shift, and go to state 6
    PRIVATE       shift, and go to state 7
    INTEGER       shift, and go to state 8
    CHAR          shift, and go to state 9
    DOUBLE        shift, and go to state 10
    BOOLEAN       shift, and go to state 11
    STRING        shift, and go to state 12
    VOID          shift, and go to state 13
    RETURN        shift, and go to state 14
    IF            shift, and go to state 15
    SWITCH        shift, and go to state 16
    DO            shift, and go to state 17
    FOR           shift, and go to state 18
    BREAK         shift, and go to state 19
    PRINT         shift, and go to state 20
    DQ_STRING_DQ  shift, and go to state 21
    ADD           shift, and go to state 22
    SUB           shift, and go to state 23
    LP            shift, and go to state 24
    NOT           shift, and go to state 25

    ID        [reduce using rule 137 (data_type)]
    $default  reduce using rule 40 (statement)

    assignment_list       go to state 28
    variable_declaration  go to state 29
    variable_reference    go to state 30
    method_declaration    go to state 31
    statement             go to state 417
    method_call           go to state 33
    if_statement          go to state 34
    do_while_statement    go to state 35
    for_statement         go to state 36
    switch_statement      go to state 37
    return_statement      go to state 38
    break_statement       go to state 39
    print_statement       go to state 40
    exp                   go to state 41
    factor                go to state 42
    term                  go to state 43
    relational_exp        go to state 44
    relational_factor     go to state 45
    logical_term          go to state 46
    unary                 go to state 47
    primary               go to state 48
    object_creation       go to state 49
    member_access         go to state 50
    access_modifier       go to state 142
    data_type             go to state 52


State 413

   76 none_or_one_else: ELSE LCB none_or_newlines statement • none_or_newlines RCB

    NEWLINE  shift, and go to state 78

    $default  reduce using rule 144 (none_or_newlines)

    none_or_newlines  go to state 418


State 414

   73 none_or_multiple_elif: ELIF LP variable_reference RP LCB none_or_newlines statement • none_or_newlines RCB none_or_multiple_elif

    NEWLINE  shift, and go to state 78

    $default  reduce using rule 144 (none_or_newlines)

    none_or_newlines  go to state 419


State 415

   74 none_or_multiple_elif: ELIF LP method_call RP LCB none_or_newlines statement • none_or_newlines RCB none_or_multiple_elif

    NEWLINE  shift, and go to state 78

    $default  reduce using rule 144 (none_or_newlines)

    none_or_newlines  go to state 420


State 416

   71 none_or_multiple_elif: ELIF LP exp RP LCB none_or_newlines statement • none_or_newlines RCB none_or_multiple_elif

    NEWLINE  shift, and go to state 78

    $default  reduce using rule 144 (none_or_newlines)

    none_or_newlines  go to state 421


State 417

   72 none_or_multiple_elif: ELIF LP relational_exp RP LCB none_or_newlines statement • none_or_newlines RCB none_or_multiple_elif

    NEWLINE  shift, and go to state 78

    $default  reduce using rule 144 (none_or_newlines)

    none_or_newlines  go to state 422


State 418

   76 none_or_one_else: ELSE LCB none_or_newlines statement none_or_newlines • RCB

    RCB  shift, and go to state 423


State 419

   73 none_or_multiple_elif: ELIF LP variable_reference RP LCB none_or_newlines statement none_or_newlines • RCB none_or_multiple_elif

    RCB  shift, and go to state 424


State 420

   74 none_or_multiple_elif: ELIF LP method_call RP LCB none_or_newlines statement none_or_newlines • RCB none_or_multiple_elif

    RCB  shift, and go to state 425


State 421

   71 none_or_multiple_elif: ELIF LP exp RP LCB none_or_newlines statement none_or_newlines • RCB none_or_multiple_elif

    RCB  shift, and go to state 426


State 422

   72 none_or_multiple_elif: ELIF LP relational_exp RP LCB none_or_newlines statement none_or_newlines • RCB none_or_multiple_elif

    RCB  shift, and go to state 427


State 423

   76 none_or_one_else: ELSE LCB none_or_newlines statement none_or_newlines RCB •

    $default  reduce using rule 76 (none_or_one_else)


State 424

   73 none_or_multiple_elif: ELIF LP variable_reference RP LCB none_or_newlines statement none_or_newlines RCB • none_or_multiple_elif

    ELIF  shift, and go to state 363

    $default  reduce using rule 70 (none_or_multiple_elif)

    none_or_multiple_elif  go to state 428


State 425

   74 none_or_multiple_elif: ELIF LP method_call RP LCB none_or_newlines statement none_or_newlines RCB • none_or_multiple_elif

    ELIF  shift, and go to state 363

    $default  reduce using rule 70 (none_or_multiple_elif)

    none_or_multiple_elif  go to state 429


State 426

   71 none_or_multiple_elif: ELIF LP exp RP LCB none_or_newlines statement none_or_newlines RCB • none_or_multiple_elif

    ELIF  shift, and go to state 363

    $default  reduce using rule 70 (none_or_multiple_elif)

    none_or_multiple_elif  go to state 430


State 427

   72 none_or_multiple_elif: ELIF LP relational_exp RP LCB none_or_newlines statement none_or_newlines RCB • none_or_multiple_elif

    ELIF  shift, and go to state 363

    $default  reduce using rule 70 (none_or_multiple_elif)

    none_or_multiple_elif  go to state 431


State 428

   73 none_or_multiple_elif: ELIF LP variable_reference RP LCB none_or_newlines statement none_or_newlines RCB none_or_multiple_elif •

    $default  reduce using rule 73 (none_or_multiple_elif)


State 429

   74 none_or_multiple_elif: ELIF LP method_call RP LCB none_or_newlines statement none_or_newlines RCB none_or_multiple_elif •

    $default  reduce using rule 74 (none_or_multiple_elif)


State 430

   71 none_or_multiple_elif: ELIF LP exp RP LCB none_or_newlines statement none_or_newlines RCB none_or_multiple_elif •

    $default  reduce using rule 71 (none_or_multiple_elif)


State 431

   72 none_or_multiple_elif: ELIF LP relational_exp RP LCB none_or_newlines statement none_or_newlines RCB none_or_multiple_elif •

    $default  reduce using rule 72 (none_or_multiple_elif)
